Studiekode;Studienavn;Kolonne1;Lærested;Studiested;Utdanningsområde og -type;Kvote;Opptaksrunde;År;Poenggrense;;
211627;Logistikk;;HIM;;ØKADM;Førstegangsvitnemålskvote;Hovedopptak;2025;0;;
211627;Logistikk;;HIM;;ØKADM;Førstegangsvitnemålskvote;Hovedopptak;2024;0;;
211627;Logistikk;;HIM;;ØKADM;Førstegangsvitnemålskvote;Hovedopptak;2023;0;;
211627;Logistikk;;HIM;;ØKADM;Førstegangsvitnemålskvote;Suppleringsopptak;2025;0;;
211627;Logistikk;;HIM;;ØKADM;Førstegangsvitnemålskvote;Suppleringsopptak;2024;0;;
211627;Logistikk;;HIM;;ØKADM;Førstegangsvitnemålskvote;Suppleringsopptak;2023;0;;
211627;Logistikk;;HIM;;ØKADM;Ordinær kvote;Hovedopptak;2025;0;;
211627;Logistikk;;HIM;;ØKADM;Ordinær kvote;Hovedopptak;2024;0;;
211627;Logistikk;;HIM;;ØKADM;Ordinær kvote;Hovedopptak;2023;0;;
211627;Logistikk;;HIM;;ØKADM;Ordinær kvote;Suppleringsopptak;2025;0;;
211627;Logistikk;;HIM;;ØKADM;Ordinær kvote;Suppleringsopptak;2024;0;;
211627;Logistikk;;HIM;;ØKADM;Ordinær kvote;Suppleringsopptak;2023;0;;
211627;Logistikk;;HIM;Molde;ØKADM;Førstegangsvitnemålskvote;Hovedopptak;2026;0;;
211627;Logistikk;;HIM;Molde;ØKADM;Ordinær kvote;Hovedopptak;2026;0;;
217097;Økonomi og jus;;UIS;Stavanger;ØKADM;Førstegangsvitnemålskvote;Hovedopptak;2026;31,9;;
217097;Økonomi og jus;;UIS;Stavanger;ØKADM;Ordinær kvote;Hovedopptak;2026;59,2;;
254393;Bærekraftig entreprenørskap og innovasjon;;NLA;;ØKADM;Førstegangsvitnemålskvote;Hovedopptak;2025;0;;
254393;Bærekraftig entreprenørskap og innovasjon;;NLA;;ØKADM;Førstegangsvitnemålskvote;Hovedopptak;2024;0;;
254393;Bærekraftig entreprenørskap og innovasjon;;NLA;;ØKADM;Førstegangsvitnemålskvote;Suppleringsopptak;2025;0;;
254393;Bærekraftig entreprenørskap og innovasjon;;NLA;;ØKADM;Førstegangsvitnemålskvote;Suppleringsopptak;2024;0;;
254393;Bærekraftig entreprenørskap og innovasjon;;NLA;;ØKADM;Ordinær kvote;Hovedopptak;2025;0;;
254393;Bærekraftig entreprenørskap og innovasjon;;NLA;;ØKADM;Ordinær kvote;Hovedopptak;2024;46;;
254393;Bærekraftig entreprenørskap og innovasjon;;NLA;;ØKADM;Ordinær kvote;Suppleringsopptak;2025;0;;
254393;Bærekraftig entreprenørskap og innovasjon;;NLA;;ØKADM;Ordinær kvote;Suppleringsopptak;2024;0;;
254393;Bærekraftig entreprenørskap og innovasjon;;NLA;Oslo;ØKADM;Førstegangsvitnemålskvote;Hovedopptak;2026;0;;
254393;Bærekraftig entreprenørskap og innovasjon;;NLA;Oslo;ØKADM;Ordinær kvote;Hovedopptak;2026;0;;
186164;Bedriftsøkonomi, deltid;;UIT;;ØKADM;Førstegangsvitnemålskvote;Hovedopptak;2025;0;;
186164;Bedriftsøkonomi, deltid;;UIT;;ØKADM;Førstegangsvitnemålskvote;Hovedopptak;2024;0;;
186164;Bedriftsøkonomi, deltid;;UIT;;ØKADM;Førstegangsvitnemålskvote;Hovedopptak;2023;0;;
186164;Bedriftsøkonomi, deltid;;UIT;;ØKADM;Førstegangsvitnemålskvote;Hovedopptak;2022;0;;
186164;Bedriftsøkonomi, deltid;;UIT;;ØKADM;Førstegangsvitnemålskvote;Hovedopptak;2021;0;;
186164;Bedriftsøkonomi, deltid;;UIT;;ØKADM;Førstegangsvitnemålskvote;Suppleringsopptak;2025;0;;
186164;Bedriftsøkonomi, deltid;;UIT;;ØKADM;Førstegangsvitnemålskvote;Suppleringsopptak;2024;0;;
186164;Bedriftsøkonomi, deltid;;UIT;;ØKADM;Førstegangsvitnemålskvote;Suppleringsopptak;2023;0;;
186164;Bedriftsøkonomi, deltid;;UIT;;ØKADM;Førstegangsvitnemålskvote;Suppleringsopptak;2022;0;;
186164;Bedriftsøkonomi, deltid;;UIT;;ØKADM;Førstegangsvitnemålskvote;Suppleringsopptak;2021;0;;
186164;Bedriftsøkonomi, deltid;;UIT;;ØKADM;Ordinær kvote;Hovedopptak;2025;0;;
186164;Bedriftsøkonomi, deltid;;UIT;;ØKADM;Ordinær kvote;Hovedopptak;2024;0;;
186164;Bedriftsøkonomi, deltid;;UIT;;ØKADM;Ordinær kvote;Hovedopptak;2023;0;;
186164;Bedriftsøkonomi, deltid;;UIT;;ØKADM;Ordinær kvote;Hovedopptak;2022;0;;
186164;Bedriftsøkonomi, deltid;;UIT;;ØKADM;Ordinær kvote;Hovedopptak;2021;0;;
186164;Bedriftsøkonomi, deltid;;UIT;;ØKADM;Ordinær kvote;Suppleringsopptak;2025;0;;
186164;Bedriftsøkonomi, deltid;;UIT;;ØKADM;Ordinær kvote;Suppleringsopptak;2024;0;;
186164;Bedriftsøkonomi, deltid;;UIT;;ØKADM;Ordinær kvote;Suppleringsopptak;2023;0;;
186164;Bedriftsøkonomi, deltid;;UIT;;ØKADM;Ordinær kvote;Suppleringsopptak;2022;0;;
186164;Bedriftsøkonomi, deltid;;UIT;;ØKADM;Ordinær kvote;Suppleringsopptak;2021;30,2;;
186164;Bedriftsøkonomi, deltid;;UIT;Alta;ØKADM;Førstegangsvitnemålskvote;Hovedopptak;2026;0;;
186164;Bedriftsøkonomi, deltid;;UIT;Alta;ØKADM;Ordinær kvote;Hovedopptak;2026;0;;
186664;Ledelse, deltid;;UIT;;ØKADM;Førstegangsvitnemålskvote;Hovedopptak;2025;0;;
186664;Ledelse, deltid;;UIT;;ØKADM;Førstegangsvitnemålskvote;Hovedopptak;2024;0;;
186664;Ledelse, deltid;;UIT;;ØKADM;Førstegangsvitnemålskvote;Hovedopptak;2023;0;;
186664;Ledelse, deltid;;UIT;;ØKADM;Førstegangsvitnemålskvote;Hovedopptak;2022;0;;
186664;Ledelse, deltid;;UIT;;ØKADM;Førstegangsvitnemålskvote;Hovedopptak;2021;0;;
186664;Ledelse, deltid;;UIT;;ØKADM;Førstegangsvitnemålskvote;Suppleringsopptak;2025;0;;
186664;Ledelse, deltid;;UIT;;ØKADM;Førstegangsvitnemålskvote;Suppleringsopptak;2024;0;;
186664;Ledelse, deltid;;UIT;;ØKADM;Førstegangsvitnemålskvote;Suppleringsopptak;2023;0;;
186664;Ledelse, deltid;;UIT;;ØKADM;Førstegangsvitnemålskvote;Suppleringsopptak;2022;0;;
186664;Ledelse, deltid;;UIT;;ØKADM;Førstegangsvitnemålskvote;Suppleringsopptak;2021;0;;
186664;Ledelse, deltid;;UIT;;ØKADM;Ordinær kvote;Hovedopptak;2025;46,2;;
186664;Ledelse, deltid;;UIT;;ØKADM;Ordinær kvote;Hovedopptak;2024;47,3;;
186664;Ledelse, deltid;;UIT;;ØKADM;Ordinær kvote;Hovedopptak;2023;46,7;;
186664;Ledelse, deltid;;UIT;;ØKADM;Ordinær kvote;Hovedopptak;2022;40,2;;
186664;Ledelse, deltid;;UIT;;ØKADM;Ordinær kvote;Hovedopptak;2021;45,6;;
186664;Ledelse, deltid;;UIT;;ØKADM;Ordinær kvote;Suppleringsopptak;2025;46,2;;
186664;Ledelse, deltid;;UIT;;ØKADM;Ordinær kvote;Suppleringsopptak;2024;47,3;;
186664;Ledelse, deltid;;UIT;;ØKADM;Ordinær kvote;Suppleringsopptak;2023;46,7;;
186664;Ledelse, deltid;;UIT;;ØKADM;Ordinær kvote;Suppleringsopptak;2022;40,2;;
186664;Ledelse, deltid;;UIT;;ØKADM;Ordinær kvote;Suppleringsopptak;2021;44,5;;
186664;Ledelse, deltid;;UIT;Alta;ØKADM;Førstegangsvitnemålskvote;Hovedopptak;2026;0;;
186664;Ledelse, deltid;;UIT;Alta;ØKADM;Ordinær kvote;Hovedopptak;2026;39,2;;
192253;Bærekraftig økonomi og ledelse, deltid;;NMBU;;ØKADM;Førstegangsvitnemålskvote;Hovedopptak;2025;0;;
192253;Bærekraftig økonomi og ledelse, deltid;;NMBU;;ØKADM;Førstegangsvitnemålskvote;Hovedopptak;2024;0;;
192253;Bærekraftig økonomi og ledelse, deltid;;NMBU;;ØKADM;Førstegangsvitnemålskvote;Hovedopptak;2023;0;;
192253;Bærekraftig økonomi og ledelse, deltid;;NMBU;;ØKADM;Førstegangsvitnemålskvote;Suppleringsopptak;2025;0;;
192253;Bærekraftig økonomi og ledelse, deltid;;NMBU;;ØKADM;Førstegangsvitnemålskvote;Suppleringsopptak;2024;0;;
192253;Bærekraftig økonomi og ledelse, deltid;;NMBU;;ØKADM;Førstegangsvitnemålskvote;Suppleringsopptak;2023;0;;
192253;Bærekraftig økonomi og ledelse, deltid;;NMBU;;ØKADM;Ordinær kvote;Hovedopptak;2025;0;;
192253;Bærekraftig økonomi og ledelse, deltid;;NMBU;;ØKADM;Ordinær kvote;Hovedopptak;2024;0;;
192253;Bærekraftig økonomi og ledelse, deltid;;NMBU;;ØKADM;Ordinær kvote;Hovedopptak;2023;0;;
192253;Bærekraftig økonomi og ledelse, deltid;;NMBU;;ØKADM;Ordinær kvote;Suppleringsopptak;2025;0;;
192253;Bærekraftig økonomi og ledelse, deltid;;NMBU;;ØKADM;Ordinær kvote;Suppleringsopptak;2024;28;;
192253;Bærekraftig økonomi og ledelse, deltid;;NMBU;;ØKADM;Ordinær kvote;Suppleringsopptak;2023;0;;
192253;Bærekraftig økonomi og ledelse, deltid;;NMBU;Ås;ØKADM;Førstegangsvitnemålskvote;Hovedopptak;2026;0;;
192253;Bærekraftig økonomi og ledelse, deltid;;NMBU;Ås;ØKADM;Ordinær kvote;Hovedopptak;2026;0;;
194583;Økonomi og ledelse, deltid, årsstudium;;NTNU;;ØKADM;Førstegangsvitnemålskvote;Hovedopptak;2025;0;;
194583;Økonomi og ledelse, deltid, årsstudium;;NTNU;;ØKADM;Førstegangsvitnemålskvote;Suppleringsopptak;2025;0;;
194583;Økonomi og ledelse, deltid, årsstudium;;NTNU;;ØKADM;Ordinær kvote;Hovedopptak;2025;61,5;;
194583;Økonomi og ledelse, deltid, årsstudium;;NTNU;;ØKADM;Ordinær kvote;Suppleringsopptak;2025;61,5;;
194583;Økonomi og ledelse, deltid, årsstudium;;NTNU;Gjøvik;ØKADM;Førstegangsvitnemålskvote;Hovedopptak;2026;0;;
194583;Økonomi og ledelse, deltid, årsstudium;;NTNU;Gjøvik;ØKADM;Ordinær kvote;Hovedopptak;2026;61,1;;
204158;HR-ledelse, deltid;;NORD;Bodø;ØKADM;Førstegangsvitnemålskvote;Hovedopptak;2026;37;;
204158;HR-ledelse, deltid;;NORD;Bodø;ØKADM;Ordinær kvote;Hovedopptak;2026;63,9;;
209207;Bedriftsøkonomi, deltid;;INN;;ØKADM;Førstegangsvitnemålskvote;Hovedopptak;2025;0;;
209207;Bedriftsøkonomi, deltid;;INN;;ØKADM;Førstegangsvitnemålskvote;Hovedopptak;2024;0;;
209207;Bedriftsøkonomi, deltid;;INN;;ØKADM;Førstegangsvitnemålskvote;Hovedopptak;2023;0;;
209207;Bedriftsøkonomi, deltid;;INN;;ØKADM;Førstegangsvitnemålskvote;Hovedopptak;2022;0;;
209207;Bedriftsøkonomi, deltid;;INN;;ØKADM;Førstegangsvitnemålskvote;Suppleringsopptak;2025;0;;
209207;Bedriftsøkonomi, deltid;;INN;;ØKADM;Førstegangsvitnemålskvote;Suppleringsopptak;2024;0;;
209207;Bedriftsøkonomi, deltid;;INN;;ØKADM;Førstegangsvitnemålskvote;Suppleringsopptak;2023;0;;
209207;Bedriftsøkonomi, deltid;;INN;;ØKADM;Førstegangsvitnemålskvote;Suppleringsopptak;2022;0;;
209207;Bedriftsøkonomi, deltid;;INN;;ØKADM;Ordinær kvote;Hovedopptak;2025;53,8;;
209207;Bedriftsøkonomi, deltid;;INN;;ØKADM;Ordinær kvote;Hovedopptak;2024;58,6;;
209207;Bedriftsøkonomi, deltid;;INN;;ØKADM;Ordinær kvote;Hovedopptak;2023;52,9;;
209207;Bedriftsøkonomi, deltid;;INN;;ØKADM;Ordinær kvote;Hovedopptak;2022;54,1;;
209207;Bedriftsøkonomi, deltid;;INN;;ØKADM;Ordinær kvote;Suppleringsopptak;2025;52;;
209207;Bedriftsøkonomi, deltid;;INN;;ØKADM;Ordinær kvote;Suppleringsopptak;2024;58,5;;
209207;Bedriftsøkonomi, deltid;;INN;;ØKADM;Ordinær kvote;Suppleringsopptak;2023;52,6;;
209207;Bedriftsøkonomi, deltid;;INN;;ØKADM;Ordinær kvote;Suppleringsopptak;2022;51;;
209207;Bedriftsøkonomi, deltid;;INN;Åmot;ØKADM;Førstegangsvitnemålskvote;Hovedopptak;2026;0;;
209207;Bedriftsøkonomi, deltid;;INN;Åmot;ØKADM;Ordinær kvote;Hovedopptak;2026;57,6;;
209215;Offentlig styring, ledelse og økonomi, deltid;;INN;;ØKADM;Førstegangsvitnemålskvote;Hovedopptak;2024;0;;
209215;Offentlig styring, ledelse og økonomi, deltid;;INN;;ØKADM;Førstegangsvitnemålskvote;Hovedopptak;2023;0;;
209215;Offentlig styring, ledelse og økonomi, deltid;;INN;;ØKADM;Førstegangsvitnemålskvote;Hovedopptak;2022;0;;
209215;Offentlig styring, ledelse og økonomi, deltid;;INN;;ØKADM;Førstegangsvitnemålskvote;Hovedopptak;2021;0;;
209215;Offentlig styring, ledelse og økonomi, deltid;;INN;;ØKADM;Førstegangsvitnemålskvote;Suppleringsopptak;2024;0;;
209215;Offentlig styring, ledelse og økonomi, deltid;;INN;;ØKADM;Førstegangsvitnemålskvote;Suppleringsopptak;2023;0;;
209215;Offentlig styring, ledelse og økonomi, deltid;;INN;;ØKADM;Førstegangsvitnemålskvote;Suppleringsopptak;2022;0;;
209215;Offentlig styring, ledelse og økonomi, deltid;;INN;;ØKADM;Førstegangsvitnemålskvote;Suppleringsopptak;2021;0;;
209215;Offentlig styring, ledelse og økonomi, deltid;;INN;;ØKADM;Ordinær kvote;Hovedopptak;2024;44;;
209215;Offentlig styring, ledelse og økonomi, deltid;;INN;;ØKADM;Ordinær kvote;Hovedopptak;2023;0;;
209215;Offentlig styring, ledelse og økonomi, deltid;;INN;;ØKADM;Ordinær kvote;Hovedopptak;2022;0;;
209215;Offentlig styring, ledelse og økonomi, deltid;;INN;;ØKADM;Ordinær kvote;Hovedopptak;2021;43,9;;
209215;Offentlig styring, ledelse og økonomi, deltid;;INN;;ØKADM;Ordinær kvote;Suppleringsopptak;2024;43,8;;
209215;Offentlig styring, ledelse og økonomi, deltid;;INN;;ØKADM;Ordinær kvote;Suppleringsopptak;2023;0;;
209215;Offentlig styring, ledelse og økonomi, deltid;;INN;;ØKADM;Ordinær kvote;Suppleringsopptak;2022;0;;
209215;Offentlig styring, ledelse og økonomi, deltid;;INN;;ØKADM;Ordinær kvote;Suppleringsopptak;2021;39,9;;
209215;Offentlig styring, ledelse og økonomi, deltid;;INN;Åmot;ØKADM;Førstegangsvitnemålskvote;Hovedopptak;2026;0;;
209215;Offentlig styring, ledelse og økonomi, deltid;;INN;Åmot;ØKADM;Ordinær kvote;Hovedopptak;2026;53,2;;
209583;Organisasjon og ledelse, deltid, nettbasert;;INN;;ØKADM;Førstegangsvitnemålskvote;Hovedopptak;2025;0;;
209583;Organisasjon og ledelse, deltid, nettbasert;;INN;;ØKADM;Førstegangsvitnemålskvote;Hovedopptak;2024;0;;
209583;Organisasjon og ledelse, deltid, nettbasert;;INN;;ØKADM;Førstegangsvitnemålskvote;Hovedopptak;2023;0;;
209583;Organisasjon og ledelse, deltid, nettbasert;;INN;;ØKADM;Førstegangsvitnemålskvote;Hovedopptak;2022;0;;
209583;Organisasjon og ledelse, deltid, nettbasert;;INN;;ØKADM;Førstegangsvitnemålskvote;Suppleringsopptak;2025;0;;
209583;Organisasjon og ledelse, deltid, nettbasert;;INN;;ØKADM;Førstegangsvitnemålskvote;Suppleringsopptak;2024;0;;
209583;Organisasjon og ledelse, deltid, nettbasert;;INN;;ØKADM;Førstegangsvitnemålskvote;Suppleringsopptak;2023;0;;
209583;Organisasjon og ledelse, deltid, nettbasert;;INN;;ØKADM;Førstegangsvitnemålskvote;Suppleringsopptak;2022;0;;
209583;Organisasjon og ledelse, deltid, nettbasert;;INN;;ØKADM;Ordinær kvote;Hovedopptak;2025;53,5;;
209583;Organisasjon og ledelse, deltid, nettbasert;;INN;;ØKADM;Ordinær kvote;Hovedopptak;2024;56,1;;
209583;Organisasjon og ledelse, deltid, nettbasert;;INN;;ØKADM;Ordinær kvote;Hovedopptak;2023;55,2;;
209583;Organisasjon og ledelse, deltid, nettbasert;;INN;;ØKADM;Ordinær kvote;Hovedopptak;2022;55,2;;
209583;Organisasjon og ledelse, deltid, nettbasert;;INN;;ØKADM;Ordinær kvote;Suppleringsopptak;2025;52,6;;
209583;Organisasjon og ledelse, deltid, nettbasert;;INN;;ØKADM;Ordinær kvote;Suppleringsopptak;2024;55,6;;
209583;Organisasjon og ledelse, deltid, nettbasert;;INN;;ØKADM;Ordinær kvote;Suppleringsopptak;2023;55,2;;
209583;Organisasjon og ledelse, deltid, nettbasert;;INN;;ØKADM;Ordinær kvote;Suppleringsopptak;2022;55,2;;
209583;Organisasjon og ledelse, deltid, nettbasert;;INN;Åmot;ØKADM;Førstegangsvitnemålskvote;Hovedopptak;2026;0;;
209583;Organisasjon og ledelse, deltid, nettbasert;;INN;Åmot;ØKADM;Ordinær kvote;Hovedopptak;2026;52,6;;
;;;;;;;;;;;
;;;;;;;;;;;
;;;;;;;;;;;
;;;;;;;;;;;
;;;;;;;;;;;
Høgskolen i Molde, Vitenskaplig høgskole i logistikk;211627;Logistikk;Molde;Økonomisk-administrative fag;Alle søkere;;;1322;1440;1682;1827
Høgskolen i Molde, Vitenskaplig høgskole i logistikk;211627;Logistikk;Molde;Økonomisk-administrative fag;Førstevalgssøkere;;;321;404;554;585
Høgskolen i Molde, Vitenskaplig høgskole i logistikk;211627;Logistikk;Molde;Økonomisk-administrative fag;Studieplasser;;;50;400;300;300
Høgskolen i Molde, Vitenskaplig høgskole i logistikk;211627;Logistikk;Molde;Økonomisk-administrative fag;Førstevalgssøkere (kvinner);;;55,8 %;55,0 %;47,7 %;48,0 %
Høgskolen i Molde, Vitenskaplig høgskole i logistikk;211627;Logistikk;Molde;Økonomisk-administrative fag;Antall kvalifiserte;;;1231;1355;1590;1732
Høgskolen i Molde, Vitenskaplig høgskole i logistikk;211627;Logistikk;Molde;Økonomisk-administrative fag;Antall tilbud;;;453;574;689;758
NLA Høgskolen;254393;Bærekraftig entreprenørskap og innovasjon;Oslo;Økonomisk-administrative fag;Alle søkere;;;;1527;1342;1178
NLA Høgskolen;254393;Bærekraftig entreprenørskap og innovasjon;Oslo;Økonomisk-administrative fag;Førstevalgssøkere;;;;158;153;108
NLA Høgskolen;254393;Bærekraftig entreprenørskap og innovasjon;Oslo;Økonomisk-administrative fag;Studieplasser;;;;25;25;25
NLA Høgskolen;254393;Bærekraftig entreprenørskap og innovasjon;Oslo;Økonomisk-administrative fag;Førstevalgssøkere (kvinner);;;;57,0 %;58,8 %;56,5 %
NLA Høgskolen;254393;Bærekraftig entreprenørskap og innovasjon;Oslo;Økonomisk-administrative fag;Antall kvalifiserte;;;;1409;1266;1104
NLA Høgskolen;254393;Bærekraftig entreprenørskap og innovasjon;Oslo;Økonomisk-administrative fag;Antall tilbud;;;;250;277;265
Nord universitet;204158;HR-ledelse, deltid;Bodø;Økonomisk-administrative fag;Alle søkere;;;;;;4030
Nord universitet;204158;HR-ledelse, deltid;Bodø;Økonomisk-administrative fag;Førstevalgssøkere;;;;;;1396
Nord universitet;204158;HR-ledelse, deltid;Bodø;Økonomisk-administrative fag;Studieplasser;;;;;;40
Nord universitet;204158;HR-ledelse, deltid;Bodø;Økonomisk-administrative fag;Førstevalgssøkere (kvinner);;;;;;83,1 %
Nord universitet;204158;HR-ledelse, deltid;Bodø;Økonomisk-administrative fag;Antall kvalifiserte;;;;;;3838
Nord universitet;204158;HR-ledelse, deltid;Bodø;Økonomisk-administrative fag;Antall tilbud;;;;;;70
Norges miljø- og biovitenskapelige universitet;192253;Bærekraftig økonomi og ledelse, deltid;Ås;Økonomisk-administrative fag;Alle søkere;;;3087;3312;2958;3046
Norges miljø- og biovitenskapelige universitet;192253;Bærekraftig økonomi og ledelse, deltid;Ås;Økonomisk-administrative fag;Førstevalgssøkere;;;1026;1134;1038;986
Norges miljø- og biovitenskapelige universitet;192253;Bærekraftig økonomi og ledelse, deltid;Ås;Økonomisk-administrative fag;Studieplasser;;;200;950;950;950
Norges miljø- og biovitenskapelige universitet;192253;Bærekraftig økonomi og ledelse, deltid;Ås;Økonomisk-administrative fag;Førstevalgssøkere (kvinner);;;67,7 %;63,7 %;65,2 %;64,6 %
Norges miljø- og biovitenskapelige universitet;192253;Bærekraftig økonomi og ledelse, deltid;Ås;Økonomisk-administrative fag;Antall kvalifiserte;;;2949;3159;2817;2899
Norges miljø- og biovitenskapelige universitet;192253;Bærekraftig økonomi og ledelse, deltid;Ås;Økonomisk-administrative fag;Antall tilbud;;;1478;1596;1393;1391
Norges teknisk-naturvitenskapelige universitet;194583;Økonomi og ledelse, deltid, årsstudium;Gjøvik;Økonomisk-administrative fag;Alle søkere;;;;;3567;2749
Norges teknisk-naturvitenskapelige universitet;194583;Økonomi og ledelse, deltid, årsstudium;Gjøvik;Økonomisk-administrative fag;Førstevalgssøkere;;;;;846;703
Norges teknisk-naturvitenskapelige universitet;194583;Økonomi og ledelse, deltid, årsstudium;Gjøvik;Økonomisk-administrative fag;Studieplasser;;;;;50;50
Norges teknisk-naturvitenskapelige universitet;194583;Økonomi og ledelse, deltid, årsstudium;Gjøvik;Økonomisk-administrative fag;Førstevalgssøkere (kvinner);;;;;55,2 %;54,6 %
Norges teknisk-naturvitenskapelige universitet;194583;Økonomi og ledelse, deltid, årsstudium;Gjøvik;Økonomisk-administrative fag;Antall kvalifiserte;;;;;3409;2633
Norges teknisk-naturvitenskapelige universitet;194583;Økonomi og ledelse, deltid, årsstudium;Gjøvik;Økonomisk-administrative fag;Antall tilbud;;;;;200;230
UiT Norges arktiske universitet;186164;Bedriftsøkonomi, deltid;Alta;Økonomisk-administrative fag;Alle søkere;1662;1339;1756;2073;1729;1505
UiT Norges arktiske universitet;186164;Bedriftsøkonomi, deltid;Alta;Økonomisk-administrative fag;Førstevalgssøkere;404;298;374;413;272;235
UiT Norges arktiske universitet;186164;Bedriftsøkonomi, deltid;Alta;Økonomisk-administrative fag;Studieplasser;400;400;400;400;400;400
UiT Norges arktiske universitet;186164;Bedriftsøkonomi, deltid;Alta;Økonomisk-administrative fag;Førstevalgssøkere (kvinner);56,2 %;48,3 %;55,9 %;53,5 %;50,4 %;51,5 %
UiT Norges arktiske universitet;186164;Bedriftsøkonomi, deltid;Alta;Økonomisk-administrative fag;Antall kvalifiserte;1545;1253;1632;1962;1633;1425
UiT Norges arktiske universitet;186164;Bedriftsøkonomi, deltid;Alta;Økonomisk-administrative fag;Antall tilbud;659;448;549;761;564;482
UiT Norges arktiske universitet;186664;Ledelse, deltid;Alta;Økonomisk-administrative fag;Alle søkere;3053;2801;3445;3865;3667;3099
UiT Norges arktiske universitet;186664;Ledelse, deltid;Alta;Økonomisk-administrative fag;Førstevalgssøkere;1228;965;1287;1416;1214;668
UiT Norges arktiske universitet;186664;Ledelse, deltid;Alta;Økonomisk-administrative fag;Studieplasser;800;800;800;800;700;700
UiT Norges arktiske universitet;186664;Ledelse, deltid;Alta;Økonomisk-administrative fag;Førstevalgssøkere (kvinner);62,9 %;64,9 %;64,2 %;62,8 %;62,9 %;61,8 %
UiT Norges arktiske universitet;186664;Ledelse, deltid;Alta;Økonomisk-administrative fag;Antall kvalifiserte;2907;2680;3291;3706;3544;2979
UiT Norges arktiske universitet;186664;Ledelse, deltid;Alta;Økonomisk-administrative fag;Antall tilbud;1100;1200;1100;1200;1200;1200
Universitetet i Innlandet;209215;Offentlig styring, ledelse og økonomi, deltid;Åmot;Økonomisk-administrative fag;Alle søkere;777;519;576;657;;2245
Universitetet i Innlandet;209215;Offentlig styring, ledelse og økonomi, deltid;Åmot;Økonomisk-administrative fag;Førstevalgssøkere;153;94;114;108;;334
Universitetet i Innlandet;209215;Offentlig styring, ledelse og økonomi, deltid;Åmot;Økonomisk-administrative fag;Studieplasser;80;80;80;80;;80
Universitetet i Innlandet;209215;Offentlig styring, ledelse og økonomi, deltid;Åmot;Økonomisk-administrative fag;Førstevalgssøkere (kvinner);64,1 %;61,7 %;57,0 %;52,8 %;;68,6 %
Universitetet i Innlandet;209215;Offentlig styring, ledelse og økonomi, deltid;Åmot;Økonomisk-administrative fag;Antall kvalifiserte;738;491;546;627;;2167
Universitetet i Innlandet;209215;Offentlig styring, ledelse og økonomi, deltid;Åmot;Økonomisk-administrative fag;Antall tilbud;190;178;202;160;;200
Universitetet i Innlandet;209207;Bedriftsøkonomi, deltid;Åmot;Økonomisk-administrative fag;Alle søkere;;1353;1243;1811;1344;1586
Universitetet i Innlandet;209207;Bedriftsøkonomi, deltid;Åmot;Økonomisk-administrative fag;Førstevalgssøkere;;297;234;376;248;294
Universitetet i Innlandet;209207;Bedriftsøkonomi, deltid;Åmot;Økonomisk-administrative fag;Studieplasser;;50;65;65;65;65
Universitetet i Innlandet;209207;Bedriftsøkonomi, deltid;Åmot;Økonomisk-administrative fag;Førstevalgssøkere (kvinner);;57,2 %;54,7 %;58,0 %;57,7 %;58,5 %
Universitetet i Innlandet;209207;Bedriftsøkonomi, deltid;Åmot;Økonomisk-administrative fag;Antall kvalifiserte;;1270;1174;1703;1273;1482
Universitetet i Innlandet;209207;Bedriftsøkonomi, deltid;Åmot;Økonomisk-administrative fag;Antall tilbud;;130;140;120;130;135
Universitetet i Innlandet;209583;Organisasjon og ledelse, deltid, nettbasert;Åmot;Økonomisk-administrative fag;Alle søkere;;3299;3253;3479;3255;3227
Universitetet i Innlandet;209583;Organisasjon og ledelse, deltid, nettbasert;Åmot;Økonomisk-administrative fag;Førstevalgssøkere;;1417;1404;1295;1206;1007
Universitetet i Innlandet;209583;Organisasjon og ledelse, deltid, nettbasert;Åmot;Økonomisk-administrative fag;Studieplasser;;200;220;200;250;350
Universitetet i Innlandet;209583;Organisasjon og ledelse, deltid, nettbasert;Åmot;Økonomisk-administrative fag;Førstevalgssøkere (kvinner);;69,3 %;74,6 %;71,2 %;75,2 %;71,8 %
Universitetet i Innlandet;209583;Organisasjon og ledelse, deltid, nettbasert;Åmot;Økonomisk-administrative fag;Antall kvalifiserte;;3138;3097;3331;3138;3078
Universitetet i Innlandet;209583;Organisasjon og ledelse, deltid, nettbasert;Åmot;Økonomisk-administrative fag;Antall tilbud;;400;440;385;600;620
Universitetet i Stavanger;217097;Økonomi og jus;Stavanger;Økonomisk-administrative fag;Alle søkere;;;;;;3513
Universitetet i Stavanger;217097;Økonomi og jus;Stavanger;Økonomisk-administrative fag;Førstevalgssøkere;;;;;;955
Universitetet i Stavanger;217097;Økonomi og jus;Stavanger;Økonomisk-administrative fag;Studieplasser;;;;;;90
Universitetet i Stavanger;217097;Økonomi og jus;Stavanger;Økonomisk-administrative fag;Førstevalgssøkere (kvinner);;;;;;59,6 %
Universitetet i Stavanger;217097;Økonomi og jus;Stavanger;Økonomisk-administrative fag;Antall kvalifiserte;;;;;;3357
Universitetet i Stavanger;217097;Økonomi og jus;Stavanger;Økonomisk-administrative fag;Antall tilbud;;;;;;400