;;;;;;;;Semester;Høst 2025;Høst 2025;Høst 2025;Høst 2025;Høst 2025;Høst 2025;Høst 2025;Høst 2025;Høst 2025;Høst 2025;Høst 2025;Høst 2025;Høst 2025;Høst 2025;Høst 2025;Høst 2025;Høst 2025;Høst 2025;Høst 2025;Høst 2025;Høst 2025;Høst 2025;Sum høst;;Vår 2025;Vår 2025;Vår 2025;Vår 2025;Vår 2025;Vår 2025;Vår 2025;Vår 2025;Vår 2025;Vår 2025;Vår 2025;Vår 2025;Vår 2025;Vår 2025;Vår 2025;Vår 2025;Vår 2025;Vår 2025;;Høst 2024;Høst 2024;Høst 2024;Høst 2024;Høst 2024;Høst 2024;Høst 2024;Høst 2024;Høst 2024;Høst 2024;Høst 2024;Høst 2024;Høst 2024;Høst 2024;;Bokstav;Tall;;
;;;;;;;;Antallet studenter med vurdering i emnet;48;52;45;17;31;22;71;27;19;14;44;42;15;13;18;37;32;29;43;10;19;18;;;5;28;12;9;7;33;5;29;14;20;14;28;67;4;9;9;6;17;;27;1;2;2;27;2;29;69;1;6;1;2;9;2;;A;5;;
;;;;;;;;Studiepoeng emne;10;10;5;5;5;10;10;5;10;10;5;10;10;10;10;10;5;10;10;5;10;10;;;10;10;10;5;10;5;10;10;10;10;5;10;5;10;10;10;5;10;;10;5;5;10;10;5;10;10;10;10;10;10;10;10;;B;4;;Antall emner
Studieprogram;studentnr;;;;karakter;Tallkarakter master;;Emnekode;AOS325;AOS337;AOS340;BUS211;BUS234;BUS313;BUS315;BUS316;BUS322;BUS325;BUS328;BUS329;BUS338;BUS340;ECN201;ECN280;ECN320;ECN372;ECN380;INN200;INN354;INN360;;;BUS210;BUS215;BUS220;BUS234;BUS260;BUS311;BUS313;BUS323;BUS325;BUS335;BUS336;BUS340;BUS360;ECN271;ECN280;ECN375;INN351;INN365;;AOS325;BUS180;BUS211;BUS220;BUS313;BUS316;BUS322;BUS335;BUS340;ECN201;ECN215;ECN311;ECN372;INN341;;C;3;;
M-ØA;1;;;1;A;5;;;;B;A;;;;;C;;;;;;;;;;;;;;;;;;;;;;;;;; ;;B;B;;;;;D;;C;;;;C;;;B;;;;;;; 3,47 ;D;2;;10
M-ØA;2;;;2;A;5;;;;;;;;;F; ; ;;E;D;;;;;;;;;;;;;;;;;;B;;B; ;;;;B;;;;;;;;;;;;;E;C;;;;;;; 2,23 ;E;1;;11
M-ØA;3;;;3;B;4;;;F;B;D;;;C;;;;;;;;;;;;;;;;;;;;;;;;A;;;;;;;B;;;;;;;;;;;;;;B;; ;;;D;; 2,85 ;F;0;;9
M-ØA;4;;;4;B;4;;;;;;;;;E;;;;C;C;;;;;;;;;;;;;;B;;;;;;B;; ;;;B;;;;;;;;;;;;;D;B;;;;;;; 3,07 ;;;;9
M-ØA;5;;;5;B;4;;;;;A;;;;;;;;;;;;;;;;;B;;B;;;;;;;;;;;;;;;C;;;;;;;;;;;;;;B;;;;;;A; 4,22 ;;;;6
M-ØA;6;;;6;B;4;;;;;;;;;A;;;;D;B;;;;;;;;;;;;;;;;;;;;C;;;B;;B;;;;;;;;;;;;;D;B;;;;;;; 3,54 ;;;;8
M-ØA;7;;;7;B;4;;;;;;;;;C;;;;A;B;;;;;;;;;;;;;;;;;;A;;B;;;;;B;;;;;;;;;;;;;C;A;;;;;;; 4,00 ;;;;8
M-ØA;8;;;8;A;5;;;;;;;;A;;;;;;;A;;;;;;;;A;;;;;;;;;B;;;;;A;;;;;;A;;;;;;;;;;;;;B;;;; 4,73 ;;;;7
M-ØA;9;;;9;A;5;;;;;;;;B;;;;;;;;;C;;;A;;;;;;;;;;;;;;;;;;;;;B;A;;B;;;;;;;;;;;;;;;; 4,17 ;;;;6
M-ØA;10;;;10;A;5;;;;B;B;;F;;;;;;;;;;;;;;;;;;;;;;;F;;;A;;;;;;;;;;;;;B;;;;F;;;C;;;;;;; 2,77 ;;;;8
M-ØA;11;;;11;A;5;;;;;A;;;;;;;;;;;;;;;;;;;A;;;;;;;;;;;;;;;B;;;;;;;;;A;;;;;B;;;;;;A; 4,67 ;;;;6
M-ØA;12;;;12;B;4;;;;;;;;;E;;;;D;D;;;;;;;;;;;;;;B;;;;A;;B;;;;;B;;;;;;;;;;;;;D;C;;;;;;; 2,87 ;;;;9
M-ØA;13;;;13;A;5;;;;;;;;;F;;;;D;D;;;;;;;;;;;;;;;;;;;;D; ;;C;;A;;;;;;;;;;;;;C;C;;;;;;; 2,31 ;;;;9
M-ØA;14;;;14;B;4;;;;B;B;;;;;A;;;;;;;;;;;;;;;;;;;;;;;;;;;;;B;;;;;;;B;;;;B;;;B;C;;;;;; 3,92 ;;;;8
M-ØA;15;;;15;B;4;;;;B;A;;;;;;;; ;;;;;;;;;;;;;;;;;;;;;;A;;;B;B;;;;;;;A;;;;A;;;C;;;;;;; 4,36 ;;;;9
M-ØA;16;;;16;C;3;;;;C;A;;;;;; ;;;;;;;;;;;;;;;;;;;;;B;;;;;;D;B;;;;;E;;D;;;;D;;;B;;;;;;; 2,73 ;;;;10
M-ØA;17;;;17;B;4;;;;B;B;;;C;;;;;;;;;;;;;;;;;;;; ;;;;;;;;C;;C;B;;;;B;;;D;;;;D;;;C;;;;;;; 3,06 ;;;;11
M-ØA;18;;;18;B;4;;;;B;C;;;C;;;;;;;;;;;;;;;;;;;;;;;;; ;;;B;;C;D;;;;;;;C;;;;F;;;B;;;;;;; 2,94 ;;;;10
M-ØA;19;;;19;A;5;;;;;;;;;B;;; ;E;B;;;;;;;;;;;;;;;;;;B;;B; ;C;;;A;;;;;;;;;;;;;C;B;;;;;;; 3,60 ;;;;11
M-ØA;20;;;20;B;4;;;;;;;;;C;B; ;;;C;;;;;;;;;;;;;;;;;;;;;; ;;;C;;;;;;;;;;;;;C;C;;;;;;; 3,10 ;;;;8
M-ØA;21;;;21;B;4;;;;;;;;B;;;;;;;;;;C;;;;;;;;;;;;;;B;;;;;;;A;;F;B;;C;;;;;;;;;;;;;;B;; 3,21 ;;;;8
M-ØA;22;;;22;B;4;;;;A;B;;;;;;;;;;;;;;;;;;;;;;;C;;;;;;;;;;B;A;;;;;;;C;;;;C;;;C;;;;;;; 3,64 ;;;;8
M-ØA;23;;;23;A;5;;;;;;;;;C;;;;C;B;;;;;;;;;;;;;;C;;;;;;C;B;;;;A;;;;;;;;;;;;;B;B;;;;;;; 3,63 ;;;;9
M-ØA;24;;;24;B;4;;;;;B;;;;;;;;;;;;;;;;;;;;;;;;;;;;;;;;;C;F;;;;;;;C;;;;A;;;C;;;;;;; 3,20 ;;;;6
M-ØA;25;;;25;B;4;;;;C;C;;;;;;;;;;;;;;;;;;;;;;;E;;; ;;;;;;;;A;;;;;;;;;;;;;;;;;;;;; 2,67 ;;;;5
M-ØA;26;;;26;A;5;;;;;;;;;;;;;;;;;;;;;;;;;;;;;;;;A;;;;;;;B;;A;B;;C;;;;;;;;;A;;B;;;B;; 4,21 ;;;;8
M-ØA;27;;;27;B;4;;;;;;;;; ;;; ;C;B;;;;;;;;;;;;;;;;;;;;C;F;; ;;B;;;;;;;;;;;;;C;B;;;;;;; 2,92 ;;;;10
M-ØA;28;;;28;B;4;;;;;;;;;F;;;;E;D;;;;;;;;;;;;;;;;;;;;B;;;;;B;;;;;;;;;;;;;B;B;;;;;;; 2,75 ;;;;7
M-ØA;29;;;29;B;4;;;;;;;;;C;;;;C;C;;;;;;;;;;;;;;;;;;C;;C;B;;;;B;;;;;;;;;;;;;B;B;;;;;;; 3,47 ;;;;9
M-ØA;30;;;30;A;5;;;;C;B;F;;;;B;;;;;;;;;;;;;;;;;;;;;;A;C;;;;;B;B;;;;;D;;C;;;;F;;;A;;;;;;; 3,00 ;;;;12
M-ØA;31;;;31;B;4;;;;;;;;B;;;;;;;;;;C;;;;;;;;;;;;;;;;;;;;;A;;F;B;;C;;;;;;;;;;;;;E;C;; 2,73 ;;;;8
M-ØA;32;;;32;B;4;;;;;;;;;;;;; ; ;;;;;;;;;;;;;;;;;;;;B;B;;B;;B;;;;;;;;;;;;;A;;;;;B;;; 4,20 ;;;;8
M-ØA;33;;;33;B;4;;;;;;;;E;;;;;;;F;;;;;;;;A;;;;;;;;;A;;;; ;E;;;;;;C;;;;;;;;;;B;;;;;;; 2,64 ;;;;8
M-ØA;34;;;34;C;3;;;;B;A;;;;;;;;;;;;;;;;;;;;;;;C;;; ;;;;;;;E;A;;;;;;;C;;;;B;;;B;;;;;;; 3,43 ;;;;9
M-ØA;35;;;35;A;5;;;;B;A;B;;;;A;;;;;;;;;;;;;;;;;;;; ;;A;B;;;;;A;C;;;;;;;B;;;;F;;;B;;;;;;; 3,76 ;;;;12
M-ØA;36;;;36;B;4;;;;;;;;;;;;;;;;; ;;;;;;;;;;;;C;;;A;;;;;;;B;;D;B;;B;;;;;F;;;;B;;E;;;B;; 2,94 ;;;;11
M-ØA;37;;;37;B;4;;;;;;;;;F;;;;C;C;;;;;;;;;;;;;;C;;;;A;;B;;;;;B;;;;;;;;;;;;;B;B;;;;;;; 3,20 ;;;;9
M-ØA;38;;;38;A;5;;;;B;A;;;;;;;;;;;;;;;;;;;;;;;;;;;;;;;;;B;;;;;;A;;A;;;;A;;;C;;;;;;; 4,38 ;;;;7
M-ØA;39;;;39;B;4;;;;;;;;;;;;;;;;;;;;;;;;;;;;;;;;A;;;;;D;;;;;;C;;;;;;;;;;C;;;;;;; 3,20 ;;;;4
M-ØA;40;;;40;A;5;;;;A;A;;;;;;;;;;;;;;;;;;;;;;;;;;;;;;;;;B;B;;;;;;;C;;;;B;;;C;;;;;;; 3,92 ;;;;7
M-ØA;41;;;41;A;5;;;;;;;;;C;;;;C;B;;;;;;;;;;;;;;;;;;;;B;;;;B;B;;;;A;;;;;;;;;B;A;;;;;;; 4,00 ;;;;9
M-ØA;42;;;42;B;4;;;;;;;;B;;;;;;;;;;;;;;;;;;;C;;;;;A;;;;;;;B;;C;A;;C;;;;;;;;;B;;C;;;B;; 3,72 ;;;;10
M-ØA;43;;;43;C;3;;;;A;A;;;;;;;;;;;;;;;;;;;;;;;;; ;;;;;;;;B;C;;;;;C;;C;;;;C;;;B;;;;;;; 3,71 ;;;;9
M-ØA;44;;;44;B;4;;;;;;;;;C;;;;C;C;;;;;;;;;;;;;;C;;;;;;C;;;;;B;;;;;;;;;;;;;E;B;;;;;;; 2,93 ;;;;8
M-ØA;45;;;45;B;4;;;;;;;;B;;;;;;;;;F;D;;B;;;;;;;;;;;;B;;;;;;;B;;F;B;;B;;;;;;;;;;;;;;;; 2,75 ;;;;9
M-ØA;46;;;46;B;4;;;;;;;;;A;;;;B;D;;;;;;;;;;;;;;;;B;;C;;A;;;;;B;;;;;;;;;;;;;A;C;;;;;;; 3,93 ;;;;9
M-ØA;47;;;47;A;5;;;;B;B;;;;;;;;;;;;;;;;;;;;;;;;;;;;;;;;;A;A;B;;;;;;B;;;;B;;;C;;;;;;; 4,07 ;;;;8
M-ØA;48;;;48;B;4;;;;B;A;;;;;A;;;;;;;;;;;;;;;;;;;;;;;;;;;;C;A;;;;;;;A;;;;B;;;B;;;;;;; 4,23 ;;;;8
M-ØA;49;;;49;C;3;;;F;C;B;;;;;;;;;;;E;;;;;;;;;;;;;;;;B;;;;;;F;B;;;;;;;;;;;D;D;;B;;;;;;; 2,13 ;;;;10
M-ØA;50;;;50;B;4;;;;;;;;;B;;;;C;B;;;;;;;;;;;;;;;;;;;;;;;;;B;;;;;;;;;;;;;A;C;;;;;;; 3,90 ;;;;6
M-ØA;51;;;51;A;5;;;;;;;;;E;;;;C;C;;;;;;;;;;;;;;;;;;B;;B;;C;;B;D;;;;;;;;;;;;;C;B;;;;;;; 3,12 ;;;;10
M-ØA;52;;;52;B;4;;;;;;;;;B;;;;B;A;;;;;;;;;;;;;;;;;;C;;C;B;;;;A;;;;;;;;;;;;;A;B;;;;;;; 4,13 ;;;;9
M-ØA;53;;;53;B;4;;;;C;C;;; ;;;;;;;;;;;;;;;;;;;;;;;;;D;;;;;;;;;;;;;B;;;;F;;;B;;;;;;; 2,64 ;;;;7
M-ØA;54;;;54;A;5;;;;;;;;;;;;;;;;;;;;;;;;;;;;;;;;;;;;;;;;;;;;B;;;D; ;B;;;;C;;;;;;; 3,43 ;;;;5
M-ØA;55;;;55;B;4;;;;;;;;;A;;;;C;B;;;;;;;;;;;;;;;;;;;;C;;;C;;A;;;;;;;;;;;;;C;B;;;;;;; 3,77 ;;;;8
M-ØA;56;;;56;A;5;;;;A;B;;;;;;;;;;;;;;;;;;;;;;;A;;;;;;;;;;B;A;;;;;;;A;;;;B;;;C;;;;;;; 4,36 ;;;;8
M-ØA;57;;;57;C;3;;;;B;B;;;;;;;;;;;;;;;;;;;;;;;B;;;;;;;;;;B;B;;;;;;;C;;;;B;;;B;;;;;;; 3,86 ;;;;8
M-ØA;58;;;58;A;5;;;;A;B;;;;;;;;;;;;;;;;;;;;;;;C;;;;A;;;;A;;A;A;B;;;;;;C;;;;B;;;C;;;;;;; 4,11 ;;;;11
M-ØA;59;;;59;A;5;;;;A;A;;;;;;;;;;;;;;;;;;;;;;;;;;;;;B;;;;A;B;;;;A;;;A;;;;B;;;C;;;;;;; 4,40 ;;;;9
M-ØA;60;;;60;A;5;;;;;;;;;D;;;;C;C;;;;;;;;;;;;;;;;;;B;;B;;;;C;A;;;;;;;;;;;;;C;C;;;;;;; 3,20 ;;;;9
M-ØA;61;;;61;A;5;;;;;;;;B;;;;;;;B;;;;;;;;;;;;;;;;;;;;;;C;;;;;;;;;;;;;;;; ;;;;;;; 3,80 ;;;;4
M-ØA;62;;;62;C;3;;;;;;;;;C;;B; ;B;A;;;;; ;;;;;;;;; ;;;;;;A;A; ;;;C;;;;;;;;;;;;;;C;;;;;;; 4,07 ;;;;12
M-ØA;63;;;63;B;4;;;;;;;;;C;;;;C;B;;;;;;;;;;;;;;;;;;;;C;;;C;;C;;;;;;;;;;;;;D;B;;;;;;; 3,15 ;;;;8
M-ØA;64;;;64;C;3;;;;C;;;;;;;;;;;;;;;;;;;;;;;;C;;;;;;;; ;;C;B;;;;;;;E;;;;;D;;B;;;;;;; 2,83 ;;;;8
M-ØA;65;;;65;A;5;;;;;;;;;A;;C;;B;C;;;;;;;;;;;;;;;;;;;;C;A;;;;B;;;;;B;;;;;;;;D;C;;;;;;; 3,56 ;;;;10
M-ØA;66;;;66;B;4;;;;;;;;;F;;C; ;D;D;;;;;;;;;;;;;;;;;;;;; ; ;;;A;;;;;;;;;;;;;F;B;;;;;;; 2,08 ;;;;10
M-ØA;67;;;67;C;3;;;;;;;;;;;;;;;;;;;;;E;;;;;;;;;;;C;;;; ;;;C;;D;B;;;;;;;;;;;B;;E;;;C;; 2,57 ;;;;9
M-ØA;68;;;68;B;4;;;;C;B;;;;;;;;;;;;;;;;;;;;;;;B;;;;;;;;;;D;B;;;;;;;D;;;;D;;;C;;;;;;; 2,86 ;;;;8
M-ØA;69;;;69;A;5;;;;B;C;;;;;;;;;;;;;;;;;;;;;;;;;;;;;;;E;;C;B;B;;;;;;C;;;;C;;;B;;;;;;; 3,19 ;;;;9
M-ØA;70;;;70;B;4;;;;;;;;;C;; ;C;C;C;;;;;;;;;;;;;;;;;;B;;D; ;C;;;B;;;;;;;;;;;;;D;C;;;;;;; 2,88 ;;;;12
M-ØA;71;;;71;B;4;;;;;;;;;A;;;;B;B;;;;;;;;;;;;;;;;B;;;;B;A;;;;B;;;;;;;;;;;;;B;B;;;;;;; 4,27 ;;;;9
M-ØA;72;;;72;A;5;;;;B;A;;;;;;;;;;;;;;;;;;;;;;;C;;;;A;;;;;;B;C;B;;;;;;B;;;;B;;;C;;;;;;; 3,82 ;;;;10
M-ØA;73;;;73;B;4;;;;;;;;;;;;;;;;;;;;;;;;;;;;;;;;A;;;;;;;A;;C;B;;B;;;;;;;;;B;;C;;;A;; 4,00 ;;;;8
M-ØA;74;;;74;A;5;;;;;;;;;C;;;;B;B;;;;;;;;;;;;;; ;;; ;;;C;;;;;A;;;;;F;;;;;;;;C;B;;;;;;; 3,07 ;;;;10
M-ØA;75;;;75;B;4;;;;;;;;;F;; ;;E;C;;;;;;;;;;;;;;;;;;A;;B;;D;;;B;;;;;;;;;;;;;D;B;;;;;;; 2,67 ;;;;10
M-ØA;76;;;76;A;5;;;;A;A;;;;;A;;;;;;;;;;;;;;;;;;;;;;;;;;;;A;B;;;;;C;;B;;;;A;;;B;;;;;;; 4,40 ;;;;9
;;;;;;;;;;;;;;;;;;;;;;;;;;;;;;;;;;;;;;;;;;;;;;;;;;;;;;;;;;;;;;;;;;  ;;;;
;;;;;M-ØA; 4,26 ;Snittkarakter masteroppgave;;;;;;;;;;;;;;;;;;;;;;;;;;;;;;;;;;;;;;;;;;;;;;;;;;;;;;;;;;;;;;;
;;;;;;;;;;;;;;;;;;;;;;;;;;;;;;;;;;;;;;;;;;;;;;;;;;;;;;;;;;;;;;;;Gjennomsnitt emner før masteroppgave;; 3,44 ;;;;
;;;;;M-ØA; 0,83 ;Differanse;;;;;;;;;;;;;;;;;;;;;;;;;;;;;;;;;;;;;;;;;;;;;;;;;;;;;;;;;;;;;;;
;;;;;;;;;;;;;;;;;;;;;;;;;;;;;;;;;;;;;;;;;;;;;;;;;;;;;;;;;;;;;;;;;;;;;;
;;;;;;;;;;;;;;;;;;;;;;;;;;;;;;;;;;;;;;;;;;;;;;;;;;;;;;;;;;;;;;;;;;;;;;
;;;;;;;;Semester;Høst 2025;Høst 2025;Høst 2025;Høst 2025;Høst 2025;;Vår 2025;Vår 2025;Vår 2025;Vår 2025;Vår 2025;Vår 2025;Vår 2025;;Høst 2024;Høst 2024;Høst 2024;Høst 2024;Høst 2024;Høst 2024;Høst 2024;Høst 2024;;Antall emner med karakter;;Bokstav;Tall;;;;;;;;;;;;;;;;;;;;;;;;;;;;;;;;;;;
;;;;;;;;Antallet studenter med vurdering i emnet;21;1;1;1;1;;27;1;1;1;1;1;8;;1;11;1;1;14;1;1;1;;;;A;5;;;;;;;;;;;;;;;;;;;;;;;;;;;;;;;;;;;
;;;;;;;;Studiepoeng emne;5;5;5;10;10;;10;10;5;10;10;5;5;;5;10;5;5;5;10;10;5;;;;B;4;;;;;;;;;;;;;;;;;;;;;;;;;;;;;;;;;;;
Studieprogram;Studentnummer;;;;Bokstavkarakter;Tallkarakter;;Emnekode;AOS340;BUS211;BUS328;BUS339;INN360;;BIOEC350;BUS210;BUS211;BUS340;ECN210;ECN260;ECN263;;AOS230;AOS237;AOS240;BUS133;BUS211;BUS220;BUS340;ECN120;;;;C;3;;;;;;;;;;;;;;;;;;;;;;;;;;;;;;;;;;;
M30-BIOEC;77;;;;A;5;;;B;;;;;;B;;;;;;;;;C;;;D;;;; 3,25 ;4;;D;2;;;;;;;;;;;;;;;;;;;;;;;;;;;;;;;;;;;
M30-BIOEC;78;;;;A;5;;;B;;;;;;B;;;;;;;;;;;;;;;; 4,00 ;2;;E;1;;;;;;;;;;;;;;;;;;;;;;;;;;;;;;;;;;;
M30-BIOEC;79;;;;A;5;;;;;;;;;A;;;;;;;;;;;;;;;; 5,00 ;1;;F;0;;;;;;;;;;;;;;;;;;;;;;;;;;;;;;;;;;;
M30-BIOEC;80;;;;A;5;;;A;A;;;;;A;;;;;;;;;;;;;;;; 5,00 ;3;;;;;;;;;;;;;;;;;;;;;;;;;;;;;;;;;;;;;;
M30-BIOEC;81;;;;B;4;;;B;;;;A;;B;;;;;;D;;;C;;;A;;;; 3,73 ;6;;;;;;;;;;;;;;;;;;;;;;;;;;;;;;;;;;;;;;
M30-BIOEC;82;;;;D;2;;;;;;;;;B;;;;;;C;;;;;;;;;; 3,50 ;2;;;;;;;;;;;;;;;;;;;;;;;;;;;;;;;;;;;;;;
M30-BIOEC;83;;;;B;4;;;A;;;;;;C;;;;;;;;;C;;;B;;;; 3,75 ;4;;;;;;;;;;;;;;;;;;;;;;;;;;;;;;;;;;;;;;
M30-BIOEC;84;;;;A;5;;;;;;;;;B;;;;;;C;;;;;;;;;; 3,50 ;2;;;;;;;;;;;;;;;;;;;;;;;;;;;;;;;;;;;;;;
M30-BIOEC;85;;;;A;5;;;A;;;;;;C;;;;;;;;;;;;;;;; 4,00 ;2;;;;;;;;;;;;;;;;;;;;;;;;;;;;;;;;;;;;;;
M30-BIOEC;86;;;;A;5;;;A;;;;;;B;;;;;;;;;B;;;B;;;; 4,25 ;4;;;;;;;;;;;;;;;;;;;;;;;;;;;;;;;;;;;;;;
M30-BIOEC;87;;;;A;5;;;B;;;;;;C;;;;;;;;;B;;;B;;;; 3,75 ;4;;;;;;;;;;;;;;;;;;;;;;;;;;;;;;;;;;;;;;
M30-BIOEC;88;;;;B;4;;;C;;;;;;B;;;;;;;;;;;;;;;; 3,50 ;2;;;;;;;;;;;;;;;;;;;;;;;;;;;;;;;;;;;;;;
M30-BIOEC;89;;;;C;3;;;;;;A;;;;B;;;C;0;;;;;C;;;C;;B; 3,71 ;7;;;;;;;;;;;;;;;;;;;;;;;;;;;;;;;;;;;;;;
M30-BIOEC;90;;;;D;2;;;B;;;;;;A;;;;;;C;;;;;;0;;;; 4,00 ;4;;;;;;;;;;;;;;;;;;;;;;;;;;;;;;;;;;;;;;
M30-BIOEC;91;;;;A;5;;;A;;;;;;A;;B;B;;;0;;;;;;0;;;; 4,50 ;6;;;;;;;;;;;;;;;;;;;;;;;;;;;;;;;;;;;;;;
M30-BIOEC;92;;;;B;4;;;A;;;;;;B;;;;;;;;;;;;;;;; 4,50 ;2;;;;;;;;;;;;;;;;;;;;;;;;;;;;;;;;;;;;;;
M30-BIOEC;93;;;;A;5;;;A;;;;;;A;;;;;;;;;;;;B;;;; 4,67 ;3;;;;;;;;;;;;;;;;;;;;;;;;;;;;;;;;;;;;;;
M30-BIOEC;94;;;;A;5;;;B;;;;;;A;;;;;;;;;;;;;;;; 4,50 ;2;;;;;;;;;;;;;;;;;;;;;;;;;;;;;;;;;;;;;;
M30-BIOEC;95;;;;A;5;;;C;;;;;;B;;;;;;;;;;;;;;;; 3,50 ;2;;;;;;;;;;;;;;;;;;;;;;;;;;;;;;;;;;;;;;
M30-BIOEC;96;;;;A;5;;;;;A;;;;B;;;;;;;;;;;;;;;; 4,33 ;2;;;;;;;;;;;;;;;;;;;;;;;;;;;;;;;;;;;;;;
M30-BIOEC;97;;;;B;4;;;B;;;;;;B;;;;;;;;;B;;A;A;;;; 4,40 ;5;;;;;;;;;;;;;;;;;;;;;;;;;;;;;;;;;;;;;;
M30-BIOEC;98;;;;B;4;;;A;;;;;;B;;;;;;B;;;B;;;B;;;; 4,20 ;5;;;;;;;;;;;;;;;;;;;;;;;;;;;;;;;;;;;;;;
M30-BIOEC;99;;;;B;4;;;0;;;;;;B;;;;;;0;;;A;;;B;;;; 4,33 ;5;;;;;;;;;;;;;;;;;;;;;;;;;;;;;;;;;;;;;;
M30-BIOEC;100;;;;B;4;;;B;;;;;;B;;;;;;;;;;;;;;;; 4,00 ;2;;;;;;;;;;;;;;;;;;;;;;;;;;;;;;;;;;;;;;
M30-BIOEC;101;;;;C;3;;;B;;;;;;A;;;;;;;;;C;;;A;;C;; 4,00 ;5;;;;;;;;;;;;;;;;;;;;;;;;;;;;;;;;;;;;;;
M30-BIOEC;102;;;;B;4;;;;;;;;;C;;;;;;;;;;;;;;;; 3,00 ;1;;;;;;;;;;;;;;;;;;;;;;;;;;;;;;;;;;;;;;
M30-BIOEC;103;;;;B;4;;;B;;;;;;B;;;;;;;;;C;;;B;;;; 3,75 ;4;;;;;;;;;;;;;;;;;;;;;;;;;;;;;;;;;;;;;;
M30-BIOEC;104;;;;A;5;;;;;;;;;A;;;;;;C;;B;C;;;B;;;; 3,80 ;5;;;;;;;;;;;;;;;;;;;;;;;;;;;;;;;;;;;;;;
;;;;;;;;;;;;;;;;;;;;;;;;;;;;;;;;;;;;;;;;;;;;;;;;;;;;;;;;;;;;;;;;;;;;;;
;;;;;M30-BIOEC;4,29;Snittkarakter masteroppgave;;;;;;;;;;;;;;;;;;;;;;Gjennomsnitt emner før masteroppgave;; 4,02 ;;;;;;;;;;;;;;;;;;;;;;;;;;;;;;;;;;;;;;;
;;;;;;;;;;;;;;;;;;;;;;;;;;;;;;;;;;;;;;;;;;;;;;;;;;;;;;;;;;;;;;;;;;;;;;
;;;;;M30-BIOEC; 0,27 ;Differanse;;;;;;;;;;;;;;;;;;;;;;;;;;;;;;;;;;;;;;;;;;;;;;;;;;;;;;;;;;;;;;;
;;;;;;;;;;;;;;;;;;;;;;;;;;;;;;;;;;;;;;;;;;;;;;;;;;;;;;;;;;;;;;;;;;;;;;
;;;;;;;;Semester;Høst 2025;Høst 2025;Høst 2025;Høst 2025;Høst 2025;Høst 2025;Høst 2025;Høst 2025;Sum høst;;Vår 2025;Vår 2025;;Høst 2024;Høst 2024;Høst 2024;Høst 2024;;Antall emner med karakter;;Bokstav;Tall;;;;;;;;;;;;;;;;;;;;;;;;;;;;;;;;;;;;;;;;
;;;;;;;;Antallet studenter med vurdering i emnet;18;15;6;7;22;17;11;20;;;8;3;;14;10;24;27;;;;A;5;;;;;;;;;;;;;;;;;;;;;;;;;;;;;;;;;;;;;;;;
;;;;;;;;Studiepoeng emne;5;10;5;10;5;10;10;10;0;;5;10;;5;10;5;15;;;;B;4;;;;;;;;;;;;;;;;;;;;;;;;;;;;;;;;;;;;;;;;
Studieprogram;Studentnummer;;;;Bokstavkarakter;Tallkarakter;;;AOS230;AOS237;AOS240;AOS337;AOS340;BUS313;INN354;INN360;;;AOS120;INN365;;AOS240;AOS337;BUS211;INN340;;;;C;3;;;;;;;;;;;;;;;;;;;;;;;;;;;;;;;;;;;;;;;;
M30-EI;105;;;;A;5;;;B;;;;B;;B;A;;;;;;;;;A; 4,29 ;7;;D;2;;;;;;;;;;;;;;;;;;;;;;;;;;;;;;;;;;;;;;;;
M30-EI;106;;;;A;5;;;;C;;;A;;;;;;C;C;;;;C;B; 3,33 ;8;;E;1;;;;;;;;;;;;;;;;;;;;;;;;;;;;;;;;;;;;;;;;
M30-EI;107;;;;C;3;;;E;;;;B;;;;;;;;;;;;B; 2,50 ;5;;F;0;;;;;;;;;;;;;;;;;;;;;;;;;;;;;;;;;;;;;;;;
M30-EI;108;;;;C;3;;;C;;;;C;;;;;;;;;B;;;B; 3,50 ;6;;;;;;;;;;;;;;;;;;;;;;;;;;;;;;;;;;;;;;;;;;;
M30-EI;109;;;;A;5;;;A;;;;A;;A;A;;;;;;;;0;A; 5,00 ;8;;;;;;;;;;;;;;;;;;;;;;;;;;;;;;;;;;;;;;;;;;;
M30-EI;110;;;;B;4;;;C;;;B;;;;;;;;;;B;;;A; 3,83 ;6;;;;;;;;;;;;;;;;;;;;;;;;;;;;;;;;;;;;;;;;;;;
M30-EI;111;;;;A;5;;;D;C;;;B;;;;;;;;;;;C;B; 3,00 ;7;;;;;;;;;;;;;;;;;;;;;;;;;;;;;;;;;;;;;;;;;;;
M30-EI;112;;;;B;4;;;D;;;;C;;A;B;;;;;;;;E;A; 3,11 ;8;;;;;;;;;;;;;;;;;;;;;;;;;;;;;;;;;;;;;;;;;;;
M30-EI;113;;;;A;5;;;;;;;;;;;;;;;;;;;;  ;2;;;;;;;;;;;;;;;;;;;;;;;;;;;;;;;;;;;;;;;;;;;
M30-EI;114;;;;A;5;;;D;C;;;C;;;;;;;;;;;B;A; 3,25 ;7;;;;;;;;;;;;;;;;;;;;;;;;;;;;;;;;;;;;;;;;;;;
M30-EI;115;;;;A;5;;;E;B;;;B;C;;;;;;;;;;B;B; 3,20 ;8;;;;;;;;;;;;;;;;;;;;;;;;;;;;;;;;;;;;;;;;;;;
M30-EI;116;;;;B;4;;;B;B;;;B;;;;;;;;;;B;;A; 4,13 ;7;;;;;;;;;;;;;;;;;;;;;;;;;;;;;;;;;;;;;;;;;;;
M30-EI;117;;;;C;3;;;E;;;;C;B;;;;;;;;;;C;B; 2,88 ;7;;;;;;;;;;;;;;;;;;;;;;;;;;;;;;;;;;;;;;;;;;;
M30-EI;118;;;;B;4;;;;B;;B;A;;;A;;;;D;;;;;B; 3,75 ;8;;;;;;;;;;;;;;;;;;;;;;;;;;;;;;;;;;;;;;;;;;;
M30-EI;119;;;;A;5;;;;A;;;A;;;;;;;;;B;;B;A; 4,50 ;7;;;;;;;;;;;;;;;;;;;;;;;;;;;;;;;;;;;;;;;;;;;
M30-EI;120;;;;A;5;;;C;B;;;A;;;;;;;;;;;B;B; 3,88 ;7;;;;;;;;;;;;;;;;;;;;;;;;;;;;;;;;;;;;;;;;;;;
M30-EI;121;;;;A;5;;;;0;;;B;;;A;;;;;;;;C;A; 4,00 ;7;;;;;;;;;;;;;;;;;;;;;;;;;;;;;;;;;;;;;;;;;;;
M30-EI;122;;;;?;;;;;;B;;B;;;C;;;;;;0;;;D;;6;;;;;;;;;;;;;;;;;;;;;;;;;;;;;;;;;;;;;;;;;;;
M30-EI;123;;;;B;4;;;D;A;;;B;;;;;;;;;;A;;A; 4,13 ;7;;;;;;;;;;;;;;;;;;;;;;;;;;;;;;;;;;;;;;;;;;;
;;;;;;;;;;;;;;;;;;;;;;;;;;;;;;;;;;;;;;;;;;;;;;;;;;;;;;;;;;;;;;;;;;;;;;
;;;;;M30-EI;4,39;Snittkarakter masteroppgave;;;;;;;;;;;;;;;;;Gjennomsnitt emner før masteroppgave;; 3,66 ;;;;;;;;;;;;;;;;;;;;;;;;;;;;;;;;;;;;;;;;;;;;
;;;;;;;;;;;;;;;;;;;;;;;;;;;;;;;;;;;;;;;;;;;;;;;;;;;;;;;;;;;;;;;;;;;;;;
;;;;;M30-EI; 0,73 ;Differanse;;;;;;;;;;;;;;;;;;;;;;;;;;;;;;;;;;;;;;;;;;;;;;;;;;;;;;;;;;;;;;;
;;;;;;;;;;;;;;;;;;;;;;;;;;;;;;;;;;;;;;;;;;;;;;;;;;;;;;;;;;;;;;;;;;;;;;
;;;;;;;;Semester;Høst 2025;Høst 2025;Høst 2025;Høst 2025;Høst 2025;Høst 2025;Høst 2025;Høst 2025;Høst 2025;Høst 2025;Høst 2025;Sum høst;;Vår 2025;Vår 2025;Vår 2025;Vår 2025;Vår 2025;Vår 2025;Vår 2025;Vår 2025;Vår 2025;;Høst 2024;Høst 2024;Høst 2024;Høst 2024;Høst 2024;Høst 2024;Høst 2024;;;;Bokstav;Tall;;;;;;;;;;;;;;;;;;;;;;;;;;;
;;;;;;;;Antallet studenter med vurdering i emnet;1;1;1;1;1;11;4;10;2;2;3;;;6;4;9;5;9;1;1;4;1;;1;5;1;10;2;6;1;;;;A;5;;;;;;;;;;;;;;;;;;;;;;;;;;;
;;;;;;;;Studiepoeng emne;5;10;10;5;10;5;10;5;10;10;10;;;5;10;5;10;10;5;10;10;5;;10;10;5;10;5;10;10;;Antall emner med karakter;;B;4;;;;;;;;;;;;;;;;;;;;;;;;;;;
Studieprogram;Studentnummer;;;;Bokstavkarakter;Tallkarakter;;Emne;BUS211;BUS315;BUS322;BUS328;ECN230;ECN303;ECN311;ECN320;ECN330;ECN372;ECN380;;;BUS311;BUS323;BUS360;ECN280;ECN301;ECN303;ECN311;ECN375;ECN376;;AOS325;BUS322;ECN303;ECN311;ECN320;ECN372;ECN380;;;;C;3;;;;;;;;;;;;;;;;;;;;;;;;;;;
M30-ECON;124;;;;C;3;;;;;;;;D;E;C;;;;;;;D;C;;B;;;;;;C;C;;E;;;; 2,33 ;9;;D;2;;;;;;;;;;;;;;;;;;;;;;;;;;;
M30-ECON;125;;;;A;5;;;;;;;;A;;C;B;;C;;;;;B;A;A;;;A;;;;;;A;;A;; 4,53 ;10;;E;1;;;;;;;;;;;;;;;;;;;;;;;;;;;
M30-ECON;126;;;;B;4;;;;;;;;D;E;C;;B;;;;C;;C;D;C;;;C;;;;;;E;;D;; 2,45 ;11;;F;0;;;;;;;;;;;;;;;;;;;;;;;;;;;
M30-ECON;127;;;;A;5;;;;;;B;C;D;D;B;;;;;;;B;B;;B;;;;;;;C;;E;;;; 3,00 ;10;;;;;;;;;;;;;;;;;;;;;;;;;;;;;;
M30-ECON;128;;;;A;5;;;;;;;;C;;C;;;;;;B;;B;C;C;;;C;;;;;;B;;C;E; 3,24 ;10;;;;;;;;;;;;;;;;;;;;;;;;;;;;;;
M30-ECON;129;;;;?;;;;;F;F;;;F;;;;;F;;;;;;F;;F;F;;;;;F;F;F;F;E;;;12;;;;;;;;;;;;;;;;;;;;;;;;;;;;;;
M30-ECON;130;;;;C;3;;;;;;;;D;F;C;C;;;;;;;;;;;;;;;;;;;E;;; 1,75 ;5;;;;;;;;;;;;;;;;;;;;;;;;;;;;;;
M30-ECON;131;;;;B;4;;;;;;;;D;;D;;C;;;;A;;B;C;C;;;C;;;;;;B;;C;; 3,28 ;10;;;;;;;;;;;;;;;;;;;;;;;;;;;;;;
M30-ECON;132;;;;A;5;;;B;;;;;C;;D;;;;;;B;B;B;;C;;;;;;;C;;B;;;; 3,53 ;9;;;;;;;;;;;;;;;;;;;;;;;;;;;;;;
M30-ECON;133;;;;A;5;;;;;;;;C;;B;;;C;;;B;;B;;A;;;;C;;;;;D;;B;; 3,56 ;9;;;;;;;;;;;;;;;;;;;;;;;;;;;;;;
M30-ECON;134;;;;A;5;;;;;;;;C;;B;;;;;;B;B;A;;B;;;;;;;D;;C;;;; 3,60 ;8;;;;;;;;;;;;;;;;;;;;;;;;;;;;;;
;;;;;;;;;;;;;;;;;;;;;;;;;;;;;;;;0;;;;;;;;;;;;;;;;;;;;;;;;;;;;;;;;;;;;;;
;;;;;M30-ECON;4,4;Snittkarakter masteroppgave;;;;;;;;;;;;;;;;;;;;;;;;;;;;;;Gjennomsnitt emner før masteroppgave;; 3,13 ;;;;;;;;;;;;;;;;;;;;;;;;;;;;;;;
;;;;;;;;;;;;;;;;;;;;;;;;;;;;;;;;;;;;;;;;;;;;;;;;;;;;;;;;;;;;;;;;;;;;;;
;;;;;M30-ECON; 1,27 ;Differanse;;;;;;;;;;;;;;;;;;;;;;;;;;;;;;;;;;;;;;;;;;;;;;;;;;;;;;;;;;;;;;;
;;;;;;;;;;;;;;;;;;;;;;;;;;;;;;;;;;;;;;;;;;;;;;;;;;;;;;;;;;;;;;;;;;;;;;
;;;;;;;;;;;;;;;;;;;;;;;;;;;;;;;;;;;;;;;;;;;;;;;;;;;;;;;;;;;;;;;;;;;;;;