Emne;Studiested (kort);Studiested (fullt navn);Emnekode;Offisielt emnenavn (Karakterweb);År;Semester (ordinær);Kandidater;Karakterskala;Snittkarakter (A=5..F=0);Strykprosent;A;B;C;D;E;F;Bestått;Ikke bestått;Merknad
Finansregnskap;BI;Handelshøyskolen BI;bøk35325;Finansregnsk. & regnsk.analyse;2025;Høst;1729;A-F;2.6;19.8;67;224;480;314;302;342;;;Emnekode i kildefila fantes ikke direkte hos Karakterweb (BI deler emner i nummererte seksjoner). Brukt seksjon 'bøk35325' (flest deltakere, bokstavkarakter A-F), bekreftet manuelt av bruker for Finansregnskap.
Finansregnskap;HIØ;Høgskolen i Østfold;SFB10419;Finansregnskap med analyse 1;2023;Høst;140;A-F;2.97;20.0;13;24;39;19;17;28;;;
Finansregnskap;HIØ;Høgskolen i Østfold;SFB10419;Finansregnskap med analyse 1;2024;Høst;181;A-F;2.88;11.6;18;36;46;29;31;21;;;
Finansregnskap;HIØ;Høgskolen i Østfold;SFB10419;Finansregnskap med analyse 1;2025;Høst;151;A-F;3.04;17.2;17;28;40;23;17;26;;;
Finansregnskap;HVL;Høgskulen på Vestlandet;BØA117;Finansregnskap med analyse;2023;Vår;302;A-F;2.93;14.9;28;49;89;60;31;45;;;
Finansregnskap;HVL;Høgskulen på Vestlandet;BØA117;Finansregnskap med analyse;2024;Vår;313;A-F;3.11;23.6;45;51;63;46;34;74;;;
Finansregnskap;HVL;Høgskulen på Vestlandet;BØA117;Finansregnskap med analyse;2025;Vår;277;A-F;3.22;23.5;43;54;51;34;30;65;;;
Finansregnskap;HiMolde;Høgskolen i Molde;BØK105;Finansregnskap 1;2023;Høst;244;A-F;2.3;32.4;6;20;38;54;47;79;;;
Finansregnskap;HiMolde;Høgskolen i Molde;BØK105;Finansregnskap 1;2024;Høst;233;A-F;2.73;21.9;19;41;40;36;46;51;;;
Finansregnskap;HiMolde;Høgskolen i Molde;BØK105;Finansregnskap 1;2025;Høst;233;A-F;2.58;14.2;19;33;43;55;50;33;;;
Finansregnskap;INN Lillh;Høgskolen i Innlandet (Lillehammer);ØKA1012;Grunnleggende regnskap;2025;Høst;111;A-F;2.54;45.1;5;15;9;11;21;50;;;
Finansregnskap;INN Rena;Høgskolen i Innlandet (Rena);3REV100;Grunnleggende regnskap;2025;Høst;68;A-F;3.46;20.6;10;19;15;6;4;14;;;
Finansregnskap;Kristiania;Høyskolen Kristiania;FRG3101;Finansregnskap;2023;Vår;122;A-F;2.96;19.7;15;23;21;21;18;24;;;
Finansregnskap;Kristiania;Høyskolen Kristiania;FRG3101;Finansregnskap;2024;Vår;123;A-F;2.36;23.6;6;14;20;22;32;29;;;
Finansregnskap;Kristiania;Høyskolen Kristiania;FRG3101;Finansregnskap;2025;Vår;121;A-F;2.36;26.5;6;11;19;26;27;32;;;
Finansregnskap;NHH;Norges Handelshøyskole;BED2;Finansregnskap;2023;Høst;471;A-F;3.15;7.0;59;114;140;85;40;33;;;
Finansregnskap;NHH;Norges Handelshøyskole;BED2;Finansregnskap;2024;Høst;473;A-F;3.28;4.2;66;131;155;68;33;20;;;
Finansregnskap;NHH;Norges Handelshøyskole;BED2;Finansregnskap;2025;Høst;404;A-F;3.34;7.4;67;107;116;53;31;30;;;
Finansregnskap;NLA;NLA Høgskolen;HSM124;Finansregnskap og regnskapsanalyse;2024;Vår;212;A-F;2.08;48.6;6;6;23;30;44;103;;;
Finansregnskap;NLA;NLA Høgskolen;HSM124;Finansregnskap og regnskapsanalyse;2025;Vår;398;A-F;2.49;50.5;10;29;63;41;54;201;;;
Finansregnskap;NMBU;Norges miljø- og biovitenskapelige universitet (NMBU);BUS110;Finansregnskap og regnskapsanalyse;2023;Vår;182;A-F;2.23;13.2;6;21;28;52;51;24;;;
Finansregnskap;NMBU;Norges miljø- og biovitenskapelige universitet (NMBU);BUS110;Finansregnskap og regnskapsanalyse;2024;Vår;188;A-F;2.98;12.2;21;35;54;29;26;23;;;
Finansregnskap;NMBU;Norges miljø- og biovitenskapelige universitet (NMBU);BUS110;Finansregnskap og regnskapsanalyse;2025;Vår;244;A-F;2.63;18.9;14;28;61;60;35;46;;;
Finansregnskap;NORD;Nord universitet;FIN1001;Innføring i regnskap;2023;Vår;190;A-F;2.7;27.4;15;26;28;40;29;52;;;
Finansregnskap;NORD;Nord universitet;FIN1001;Innføring i regnskap;2024;Vår;196;A-F;2.74;26.0;10;34;41;28;32;51;;;
Finansregnskap;NORD;Nord universitet;FIN1001;Innføring i regnskap;2025;Vår;205;A-F;2.88;35.6;22;23;34;23;30;73;;;
Finansregnskap;NTNU Gjøvik;NTNU (Gjøvik);SMF1197;Finansregnskap med analyse;2023;Vår;74;A-F;2.81;29.7;8;5;18;11;10;22;;;
Finansregnskap;NTNU Gjøvik;NTNU (Gjøvik);SMF1197;Finansregnskap med analyse;2024;Vår;87;A-F;2.31;36.8;5;4;14;12;20;32;;;
Finansregnskap;NTNU Gjøvik;NTNU (Gjøvik);SMF1197;Finansregnskap med analyse;2025;Vår;113;A-F;2.45;21.2;11;13;9;28;28;24;;;
Finansregnskap;NTNU Trondheim;NTNU (Trondheim);BØA1200;Finansregnskap med analyse;2023;Vår;308;A-F;3.73;9.1;122;46;52;33;27;28;;;
Finansregnskap;NTNU Trondheim;NTNU (Trondheim);BØA1200;Finansregnskap med analyse;2024;Vår;319;A-F;3.42;6.6;74;88;64;32;40;21;;;
Finansregnskap;NTNU Trondheim;NTNU (Trondheim);BØA1200;Finansregnskap med analyse;2025;Vår;345;A-F;3.45;8.1;94;80;60;40;43;28;;;
Finansregnskap;NTNU Ålesund;NTNU (Ålesund);AE101308;Finansregnskap med analyse;2023;Vår;115;A-F;2.88;55.6;11;8;6;16;10;64;;;
Finansregnskap;NTNU Ålesund;NTNU (Ålesund);AE101308;Finansregnskap med analyse;2024;Vår;142;A-F;2.29;26.8;5;17;20;23;39;38;;;
Finansregnskap;NTNU Ålesund;NTNU (Ålesund);AE101308;Finansregnskap med analyse;2025;Vår;98;A-F;2.91;21.4;16;12;16;15;18;21;;;
Finansregnskap;ONH;Oslo Nye Høyskole;ØKAD1220;Finansregnskap;2023;Høst;32;A-F;3;0;7;4;8;8;5;0;;;
Finansregnskap;ONH;Oslo Nye Høyskole;ØKAD1220;Finansregnskap;2024;Vår;46;A-F;2.91;0;9;9;7;11;10;0;;;
Finansregnskap;ONH;Oslo Nye Høyskole;ØKAD1220;Finansregnskap;2025;Vår;89;A-F;3.22;0;21;19;22;13;14;0;;;
Finansregnskap;OsloMet;OsloMet – storbyuniversitetet;ØABED1000;Grunnleggende årsregnskap med Excel;2023;Høst;423;A-F;2.61;18.9;23;36;136;81;67;80;;;
Finansregnskap;OsloMet;OsloMet – storbyuniversitetet;ØABED1000;Grunnleggende årsregnskap med Excel;2024;Høst;387;A-F;2.66;26.1;21;36;111;61;57;101;;;
Finansregnskap;OsloMet;OsloMet – storbyuniversitetet;ØABED1000;Grunnleggende årsregnskap med Excel;2025;Høst;404;A-F;2.94;28.7;46;36;107;53;46;116;;;
Finansregnskap;USN;Universitetet i Sørøst-Norge;REG1010;Finansregnskap med analyse;2025;Vår;504;A-F;2.28;39.1;28;38;50;68;123;197;;;
Finansregnskap;UiA;Universitetet i Agder;BE-111;Innføring i finansregnskap;2023;Høst;331;A-F;3.54;7.0;81;83;85;40;19;23;;;
Finansregnskap;UiA;Universitetet i Agder;BE-111;Innføring i finansregnskap;2024;Høst;353;A-F;3.38;6.2;68;91;96;50;26;22;;;
Finansregnskap;UiA;Universitetet i Agder;BE-111;Innføring i finansregnskap;2025;Høst;357;A-F;3.2;11.2;60;80;84;50;43;40;;;
Finansregnskap;UiS;Universitetet i Stavanger;BØK195;Grunnleggende regnskap og bedriftsøkonomi;2023;Høst;142;A-F;2.36;25.4;7;12;30;20;37;36;;;
Finansregnskap;UiS;Universitetet i Stavanger;BØK195;Grunnleggende regnskap og bedriftsøkonomi;2024;Høst;196;A-F;2.23;34.7;6;12;35;28;47;68;;;
Finansregnskap;UiS;Universitetet i Stavanger;BØK195;Grunnleggende regnskap og bedriftsøkonomi;2025;Høst;244;A-F;3.15;2.1;20;81;74;44;20;5;;;
Finansregnskap;UiT;UiT Norges arktiske universitet;BED-1002;Grunnleggende regnskap og analyse;2023;Vår;200;A-F;2.36;30.0;5;18;40;36;41;60;;;
Finansregnskap;UiT;UiT Norges arktiske universitet;BED-1002;Grunnleggende regnskap og analyse;2024;Vår;259;A-F;2.43;24.7;20;28;37;41;69;64;;;
Finansregnskap;UiT;UiT Norges arktiske universitet;BED-1002;Grunnleggende regnskap og analyse;2025;Vår;206;A-F;3.01;18.0;28;29;56;28;28;37;;;
Foretaksstrategi;BI;Handelshøyskolen BI;str36101;Doing Sustainable Business;2025;Vår;121;A-F;4.07;0;28;74;19;0;0;0;;;Emnekode i kildefila fantes ikke direkte hos Karakterweb (BI deler emner i nummererte seksjoner). Brukt seksjon 'str36101' (flest deltakere, bokstavkarakter A-F), bekreftet manuelt av bruker for Finansregnskap.
Foretaksstrategi;HIØ;Høgskolen i Østfold;ØKA121;Bærekraft og foretaksstrategi;2023;Høst;84;A-F;3.15;0;11;17;36;14;6;0;;;
Foretaksstrategi;HIØ;Høgskolen i Østfold;ØKA121;Bærekraft og foretaksstrategi;2024;Høst;116;A-F;2.62;10.3;7;22;21;32;22;12;;;
Foretaksstrategi;HIØ;Høgskolen i Østfold;ØKA121;Bærekraft og foretaksstrategi;2025;Høst;148;A-F;2.56;11.5;3;27;37;37;27;17;;;
Foretaksstrategi;HVL;Høgskulen på Vestlandet;ØAO016;Strategi og virksomhetsutvikling;2023;Vår;116;A-F;2.72;0;0;25;42;40;9;0;;;
Foretaksstrategi;HVL;Høgskulen på Vestlandet;ØAO016;Strategi og virksomhetsutvikling;2024;Vår;124;A-F;3.52;0;13;38;73;0;0;0;;;
Foretaksstrategi;HVL;Høgskulen på Vestlandet;ØAO016;Strategi og virksomhetsutvikling;2025;Vår;138;A-F;3.88;0;20;81;37;0;0;0;;;
Foretaksstrategi;HiMolde;Høgskolen i Molde;ADM300;Foretaksstrategi;2023;Høst;167;A-F;3.46;4.8;24;61;46;20;8;8;;;
Foretaksstrategi;HiMolde;Høgskolen i Molde;ADM300;Foretaksstrategi;2024;Høst;155;A-F;3.87;7.7;47;47;32;17;0;12;;;
Foretaksstrategi;HiMolde;Høgskolen i Molde;ADM300;Foretaksstrategi;2025;Høst;120;A-F;3.93;5.8;34;44;28;7;0;7;;;
Foretaksstrategi;INN Lillh;Høgskolen i Innlandet (Lillehammer);ØKA1021;Strategy;2025;Høst;151;A-F;3.03;9.9;3;44;52;28;9;15;;;
Foretaksstrategi;INN Rena;Høgskolen i Innlandet (Rena);3LED300;Strategi;2025;Høst;95;A-F;3.86;3.2;35;26;20;5;6;3;;;
Foretaksstrategi;Kristiania;Høyskolen Kristiania;FST3100;Foretaksstrategi;2023;Vår;66;A-F;2.63;6.1;10;8;7;23;14;4;;;
Foretaksstrategi;Kristiania;Høyskolen Kristiania;FST3100;Foretaksstrategi;2024;Vår;62;A-F;3.58;0;6;30;20;6;0;0;;;
Foretaksstrategi;Kristiania;Høyskolen Kristiania;FST3100;Foretaksstrategi;2025;Vår;46;A-F;3.46;0;7;14;18;7;0;0;;;
Foretaksstrategi;NHH;Norges Handelshøyskole;SOL4;Strategisk ledelse;2023;Vår;361;A-F;4.05;1.4;106;175;63;12;0;5;;;
Foretaksstrategi;NHH;Norges Handelshøyskole;SOL4;Strategisk ledelse;2024;Vår;360;A-F;4.09;1.1;92;219;34;8;3;4;;;
Foretaksstrategi;NHH;Norges Handelshøyskole;SOL4;Strategisk ledelse;2025;Vår;432;A-F;3.88;0;71;246;105;10;0;0;;;
Foretaksstrategi;NLA;NLA Høgskolen;HSM221;Strategi, samfunnsansvar og bærekraft;2024;Høst;162;A-F;3.62;0;25;64;60;13;0;0;;;
Foretaksstrategi;NLA;NLA Høgskolen;HSM221;Strategi, samfunnsansvar og bærekraft;2025;Høst;250;A-F;3.4;0;29;82;106;25;8;0;;;
Foretaksstrategi;NMBU;Norges miljø- og biovitenskapelige universitet (NMBU);AOS237;Foretaksstrategi;2023;Høst;77;A-F;3.26;5.2;9;21;27;12;4;4;;;
Foretaksstrategi;NMBU;Norges miljø- og biovitenskapelige universitet (NMBU);AOS237;Foretaksstrategi;2024;Høst;100;A-F;3.26;0;12;29;38;15;6;0;;;
Foretaksstrategi;NMBU;Norges miljø- og biovitenskapelige universitet (NMBU);AOS237;Foretaksstrategi;2025;Høst;132;A-F;3.4;2.3;9;46;62;12;0;3;;;
Foretaksstrategi;NORD;Nord universitet;ORG2001;Internasjonal foretagsstrategi;2023;Vår;107;A-F;4.06;2.8;42;34;24;0;4;3;;;
Foretaksstrategi;NORD;Nord universitet;ORG2001;Internasjonal foretagsstrategi;2024;Vår;76;A-F;4.33;0;42;20;11;3;0;0;;;
Foretaksstrategi;NORD;Nord universitet;ORG2001;Internasjonal foretagsstrategi;2025;Vår;89;A-F;3.33;4.5;18;18;29;14;6;4;;;
Foretaksstrategi;NTNU Gjøvik;NTNU (Gjøvik);SMF2281;Foretaksstrategi;2023;Vår;49;A-F;3.35;0;6;19;14;6;4;0;;;
Foretaksstrategi;NTNU Gjøvik;NTNU (Gjøvik);SMF2281;Foretaksstrategi;2024;Vår;67;A-F;2.91;0;4;4;41;18;0;0;;;
Foretaksstrategi;NTNU Gjøvik;NTNU (Gjøvik);SMF2281;Foretaksstrategi;2025;Vår;65;A-F;3.23;0;11;9;29;16;0;0;;;
Foretaksstrategi;NTNU Trondheim;NTNU (Trondheim);ORG2002;Foretaksstrategi;2023;Vår;276;A-F;3.13;0;20;69;124;52;11;0;;;
Foretaksstrategi;NTNU Trondheim;NTNU (Trondheim);ORG2002;Foretaksstrategi;2024;Vår;332;A-F;3.6;1.2;49;135;108;36;0;4;;;
Foretaksstrategi;NTNU Trondheim;NTNU (Trondheim);ORG2002;Foretaksstrategi;2025;Vår;309;A-F;3.57;0;50;108;119;32;0;0;;;
Foretaksstrategi;NTNU Ålesund;NTNU (Ålesund);AL201308;Foretaksstrategi;2023;Vår;83;A-F;2.88;0;3;17;36;21;6;0;;;
Foretaksstrategi;NTNU Ålesund;NTNU (Ålesund);AL201308;Foretaksstrategi;2024;Vår;116;A-F;3.41;0;22;22;54;18;0;0;;;
Foretaksstrategi;NTNU Ålesund;NTNU (Ålesund);AL201308;Foretaksstrategi;2025;Vår;95;A-F;3.95;0;11;68;16;0;0;0;;;
Foretaksstrategi;ONH;Oslo Nye Høyskole;ØKAD2240;Strategi;2023;Vår;22;A-F;3.68;0;5;5;12;0;0;0;;;
Foretaksstrategi;ONH;Oslo Nye Høyskole;ØKAD2240;Strategi;2024;Vår;47;A-F;3.38;0;7;13;18;9;0;0;;;
Foretaksstrategi;ONH;Oslo Nye Høyskole;ØKAD2240;Strategi;2025;Vår;104;A-F;3.29;0;8;34;45;14;3;0;;;
Foretaksstrategi;OsloMet;OsloMet – storbyuniversitetet;ØAADM2000;Foretaksstrategi;2023;Vår;182;A-F;3.17;0;15;43;92;22;10;0;;;
Foretaksstrategi;OsloMet;OsloMet – storbyuniversitetet;ØAADM2000;Foretaksstrategi;2024;Vår;219;A-F;3.33;2.3;20;78;85;14;17;5;;;
Foretaksstrategi;OsloMet;OsloMet – storbyuniversitetet;ØAADM2000;Foretaksstrategi;2025;Vår;294;A-F;2.88;3.4;11;69;103;78;23;10;;;
Foretaksstrategi;USN;Universitetet i Sørøst-Norge;STR1000;Strategisk ledelse;2024;Høst;434;A-F;3.29;0.7;54;132;143;91;11;3;;;
Foretaksstrategi;USN;Universitetet i Sørøst-Norge;STR1000;Strategisk ledelse;2025;Høst;545;A-F;3.59;0;92;179;230;44;0;0;;;
Foretaksstrategi;UiA;Universitetet i Agder;ORG126;Innovasjon og entreprenørskap;2023;Høst;309;A-F;3.45;0;23;131;117;38;0;0;;;
Foretaksstrategi;UiA;Universitetet i Agder;ORG126;Innovasjon og entreprenørskap;2024;Høst;357;A-F;3.99;0;90;178;86;3;0;0;;;
Foretaksstrategi;UiA;Universitetet i Agder;ORG126;Innovasjon og entreprenørskap;2025;Høst;372;A-F;3.65;1.1;65;149;113;41;0;4;;;
Foretaksstrategi;UiS;Universitetet i Stavanger;BØK235;Strategy;2022;Vår;191;A-F;3.57;0;29;66;81;15;0;0;;;
Foretaksstrategi;UiS;Universitetet i Stavanger;BØK235;Strategy;2023;Vår;0;A-F;;;0;0;0;0;0;0;;;
Foretaksstrategi;UiS;Universitetet i Stavanger;BØK235;Strategy;2025;Vår;157;A-F;3.59;0;34;56;40;22;5;0;;;
Foretaksstrategi;UiT;UiT Norges arktiske universitet;BED-2003;Foretaksstrategi;2023;Vår;211;A-F;3.69;0;42;74;83;12;0;0;;;
Foretaksstrategi;UiT;UiT Norges arktiske universitet;BED-2003;Foretaksstrategi;2024;Vår;191;A-F;3.49;0;16;86;68;18;3;0;;;
Foretaksstrategi;UiT;UiT Norges arktiske universitet;BED-2003;Foretaksstrategi;2025;Vår;201;A-F;3.2;0;7;60;109;17;8;0;;;
Investering og finansiering;BI;Handelshøyskolen BI;bøk34233;Finans;2024;Vår;2480;A-F;2.25;23.5;108;187;410;559;633;583;;;Emnekode i kildefila fantes ikke direkte hos Karakterweb (BI deler emner i nummererte seksjoner). Brukt seksjon 'bøk34233' (flest deltakere, bokstavkarakter A-F), bekreftet manuelt av bruker for Finansregnskap.
Investering og finansiering;BI;Handelshøyskolen BI;bøk34233;Finans;2025;Vår;3083;A-F;2.58;19.6;256;360;626;566;670;605;;;Emnekode i kildefila fantes ikke direkte hos Karakterweb (BI deler emner i nummererte seksjoner). Brukt seksjon 'bøk34233' (flest deltakere, bokstavkarakter A-F), bekreftet manuelt av bruker for Finansregnskap.
Investering og finansiering;HIØ;Høgskolen i Østfold;SFB11016;Investering og finansiering;2023;Vår;103;A-F;2.68;17.5;16;11;13;20;25;18;;;
Investering og finansiering;HIØ;Høgskolen i Østfold;SFB11016;Investering og finansiering;2024;Vår;96;A-F;3.02;11.5;7;21;31;19;7;11;;;
Investering og finansiering;HIØ;Høgskolen i Østfold;SFB11016;Investering og finansiering;2025;Vår;103;A-F;2.86;16.5;9;23;21;13;20;17;;;
Investering og finansiering;HVL;Høgskulen på Vestlandet;BØA204;Investering og finansiering;2023;Høst;255;A-F;3.37;11.8;64;52;44;33;32;30;;;
Investering og finansiering;HVL;Høgskulen på Vestlandet;BØA204;Investering og finansiering;2024;Høst;275;A-F;3.12;19.6;43;51;57;30;40;54;;;
Investering og finansiering;HVL;Høgskulen på Vestlandet;BØA204;Investering og finansiering;2025;Høst;297;A-F;3.15;19.2;38;70;58;38;36;57;;;
Investering og finansiering;HiMolde;Høgskolen i Molde;BØK300;Finansiell- og økonomisk styring;2023;Høst;52;A-F;2.24;34.6;0;7;6;9;12;18;;;
Investering og finansiering;HiMolde;Høgskolen i Molde;BØK300;Finansiell- og økonomisk styring;2024;Høst;66;A-F;2.73;37.9;5;6;10;13;7;25;;;
Investering og finansiering;HiMolde;Høgskolen i Molde;BØK300;Finansiell- og økonomisk styring;2025;Høst;69;A-F;2.98;42.0;9;8;6;7;10;29;;;
Investering og finansiering;INN Lillh;Høgskolen i Innlandet (Lillehammer);ØKA1019;Investments and Financial Management;2025;Vår;77;A-F;2.78;23.4;11;11;8;12;17;18;;;
Investering og finansiering;INN Rena;Høgskolen i Innlandet (Rena);3BED200;Investering og finansiering;2025;Vår;74;A-F;2.09;37.8;0;4;14;10;18;28;;;
Investering og finansiering;Kristiania;Høyskolen Kristiania;IOJ3100;Investering og finansiering;2023;Vår;91;A-F;2.76;18.7;8;16;17;16;17;17;;;
Investering og finansiering;Kristiania;Høyskolen Kristiania;IOJ3100;Investering og finansiering;2024;Vår;117;A-F;2.71;25.6;6;22;15;29;15;30;;;
Investering og finansiering;Kristiania;Høyskolen Kristiania;IOJ3100;Investering og finansiering;2025;Vår;110;A-F;2.89;34.5;6;23;15;13;15;38;;;
Investering og finansiering;NHH;Norges Handelshøyskole;BED3;Investering og finans;2023;Vår;308;A-F;3.43;5.8;53;95;90;29;23;18;;;
Investering og finansiering;NHH;Norges Handelshøyskole;BED3;Investering og finans;2024;Vår;354;A-F;3.16;7.3;33;96;122;44;33;26;;;
Investering og finansiering;NHH;Norges Handelshøyskole;BED3;Investering og finans;2025;Vår;377;A-F;3.34;3.7;48;135;102;48;30;14;;;
Investering og finansiering;NLA;NLA Høgskolen;ØKAD221;Investering og finansiering;2024;Høst;90;A-F;2.59;30.0;7;11;13;13;19;27;;;
Investering og finansiering;NLA;NLA Høgskolen;ØKAD221;Investering og finansiering;2025;Høst;166;A-F;2.75;42.8;13;19;21;15;27;71;;;
Investering og finansiering;NMBU;Norges miljø- og biovitenskapelige universitet (NMBU);BUS220;Finansiering og investering;2023;Høst;147;A-F;3.03;27.9;16;23;30;22;15;41;;;
Investering og finansiering;NMBU;Norges miljø- og biovitenskapelige universitet (NMBU);BUS220;Finansiering og investering;2024;Høst;166;A-F;3.1;19.3;16;34;46;24;14;32;;;
Investering og finansiering;NMBU;Norges miljø- og biovitenskapelige universitet (NMBU);BUS220;Finansiering og investering;2025;Høst;201;A-F;3.64;17.4;53;45;37;18;13;35;;;
Investering og finansiering;NORD;Nord universitet;FIN1002;Finansiering og investering;2023;Høst;131;A-F;2.9;3.8;9;23;52;31;11;5;;;
Investering og finansiering;NORD;Nord universitet;FIN1002;Finansiering og investering;2024;Høst;106;A-F;2.37;17.9;4;8;26;27;22;19;;;
Investering og finansiering;NORD;Nord universitet;FIN1002;Finansiering og investering;2025;Høst;117;A-F;2.78;27.4;8;21;18;20;18;32;;;
Investering og finansiering;NTNU Gjøvik;NTNU (Gjøvik);SMF2296;Investering og finansiering;2023;Vår;52;A-F;2.5;61.5;0;6;3;6;5;32;;;
Investering og finansiering;NTNU Gjøvik;NTNU (Gjøvik);SMF2296;Investering og finansiering;2024;Vår;83;A-F;2.06;37.4;3;7;4;14;24;31;;;
Investering og finansiering;NTNU Gjøvik;NTNU (Gjøvik);SMF2296;Investering og finansiering;2025;Vår;76;A-F;2.86;53.9;9;5;3;8;10;41;;;
Investering og finansiering;NTNU Trondheim;NTNU (Trondheim);BØA2200;Investering og finansiering;2023;Vår;248;A-F;3.42;14.9;58;48;51;32;22;37;;;
Investering og finansiering;NTNU Trondheim;NTNU (Trondheim);BØA2200;Investering og finansiering;2024;Vår;282;A-F;3.02;12.4;34;53;81;42;37;35;;;
Investering og finansiering;NTNU Trondheim;NTNU (Trondheim);BØA2200;Investering og finansiering;2025;Vår;313;A-F;3;15.7;48;51;67;49;49;49;;;
Investering og finansiering;NTNU Ålesund;NTNU (Ålesund);AE201115;Investering og finansiering;2023;Vår;40;A-F;2.61;55.0;0;6;3;5;4;22;;;
Investering og finansiering;NTNU Ålesund;NTNU (Ålesund);AE201115;Investering og finansiering;2024;Vår;71;A-F;3.16;28.2;12;9;12;11;7;20;;;
Investering og finansiering;NTNU Ålesund;NTNU (Ålesund);AE201115;Investering og finansiering;2025;Vår;51;A-F;3.9;17.6;15;14;7;6;0;9;;;
Investering og finansiering;ONH;Oslo Nye Høyskole;ØKAD2230;Corporate Finance;2023;Vår;5;A-F;4;0;0;5;0;0;0;0;;;
Investering og finansiering;ONH;Oslo Nye Høyskole;ØKAD2230;Corporate Finance;2024;Vår;17;A-F;2.18;0;0;3;3;5;6;0;;;
Investering og finansiering;ONH;Oslo Nye Høyskole;ØKAD2230;Corporate Finance;2025;Vår;34;A-F;2.62;0;0;9;11;6;8;0;;;
Investering og finansiering;OsloMet;OsloMet – storbyuniversitetet;ØABED2000;Investering og finansiering;2023;Høst;217;A-F;3.68;12.0;58;61;41;15;16;26;;;
Investering og finansiering;OsloMet;OsloMet – storbyuniversitetet;ØABED2000;Investering og finansiering;2024;Høst;312;A-F;3.54;16.7;82;62;59;29;28;52;;;
Investering og finansiering;OsloMet;OsloMet – storbyuniversitetet;ØABED2000;Investering og finansiering;2025;Høst;277;A-F;3.7;18.4;72;71;45;20;18;51;;;
Investering og finansiering;USN;Universitetet i Sørøst-Norge;FIN2000;Finansiering og investering;2024;Høst;347;A-F;2.54;28.0;21;39;62;61;67;97;;;
Investering og finansiering;USN;Universitetet i Sørøst-Norge;FIN2000;Finansiering og investering;2025;Høst;412;A-F;2.71;34.2;36;48;57;62;68;141;;;
Investering og finansiering;UiA;Universitetet i Agder;BE-210;Investering og finansiering;2023;Vår;231;A-F;3.05;8.7;26;51;64;47;23;20;;;
Investering og finansiering;UiA;Universitetet i Agder;BE-210;Investering og finansiering;2024;Vår;231;A-F;2.82;7.8;18;40;71;53;31;18;;;
Investering og finansiering;UiA;Universitetet i Agder;BE-210;Investering og finansiering;2025;Vår;194;A-F;2.85;14.9;15;30;60;35;25;29;;;
Investering og finansiering;UiS;Universitetet i Stavanger;BØK260;Corporate Finance;2023;Høst;237;A-F;2.9;16.5;29;46;38;46;39;39;;;
Investering og finansiering;UiS;Universitetet i Stavanger;BØK260;Corporate Finance;2024;Høst;174;A-F;2.73;24.1;12;34;25;29;32;42;;;
Investering og finansiering;UiS;Universitetet i Stavanger;BØK260;Corporate Finance;2025;Høst;213;A-F;3.35;10.8;29;67;52;25;17;23;;;
Investering og finansiering;UiT;UiT Norges arktiske universitet;BED-2303;Investering og finansiering;2025;Høst;147;A-F;3.96;0;47;61;28;8;3;0;;;
Makroøkonomi;BI;Handelshøyskolen BI;søk34201;Samfunnsøkonomi I;2023;Høst;5215;A-F;2.78;16.0;303;1024;1290;938;826;834;;;Emnekode i kildefila fantes ikke direkte hos Karakterweb (BI deler emner i nummererte seksjoner). Brukt seksjon 'søk34201' (flest deltakere, bokstavkarakter A-F), bekreftet manuelt av bruker for Finansregnskap.
Makroøkonomi;BI;Handelshøyskolen BI;søk34201;Samfunnsøkonomi I;2024;Høst;5104;A-F;2.72;18.6;287;879;1191;977;819;951;;;Emnekode i kildefila fantes ikke direkte hos Karakterweb (BI deler emner i nummererte seksjoner). Brukt seksjon 'søk34201' (flest deltakere, bokstavkarakter A-F), bekreftet manuelt av bruker for Finansregnskap.
Makroøkonomi;BI;Handelshøyskolen BI;søk34201;Samfunnsøkonomi I;2025;Høst;4849;A-F;2.79;17.4;381;916;1032;826;851;843;;;Emnekode i kildefila fantes ikke direkte hos Karakterweb (BI deler emner i nummererte seksjoner). Brukt seksjon 'søk34201' (flest deltakere, bokstavkarakter A-F), bekreftet manuelt av bruker for Finansregnskap.
Makroøkonomi;HIØ;Høgskolen i Østfold;SFB10916;Makroøkonomi;2023;Vår;115;A-F;2.51;20.9;10;13;18;22;28;24;;;
Makroøkonomi;HIØ;Høgskolen i Østfold;SFB10916;Makroøkonomi;2024;Vår;138;A-F;2.32;25.4;3;15;24;31;30;35;;;
Makroøkonomi;HIØ;Høgskolen i Østfold;SFB10916;Makroøkonomi;2025;Vår;174;A-F;2.52;24.1;11;22;28;34;37;42;;;
Makroøkonomi;HVL;Høgskulen på Vestlandet;BØA118;Makroøkonomi;2023;Vår;313;A-F;2.61;20.8;11;48;76;60;53;65;;;
Makroøkonomi;HVL;Høgskulen på Vestlandet;BØA118;Makroøkonomi;2024;Vår;309;A-F;2.6;39.2;17;35;45;38;53;121;;;
Makroøkonomi;HVL;Høgskulen på Vestlandet;BØA118;Makroøkonomi;2025;Vår;340;A-F;2.69;26.2;24;48;67;51;61;89;;;
Makroøkonomi;HiMolde;Høgskolen i Molde;SØK100;Makroøkonomi;2023;Høst;25;A-F;2.91;12.0;0;7;9;3;3;3;;;
Makroøkonomi;HiMolde;Høgskolen i Molde;SØK100;Makroøkonomi;2024;Høst;62;A-F;3.04;14.5;6;15;15;9;8;9;;;
Makroøkonomi;HiMolde;Høgskolen i Molde;SØK100;Makroøkonomi;2025;Høst;65;A-F;3.07;13.9;11;10;14;14;7;9;;;
Makroøkonomi;INN Lillh;Høgskolen i Innlandet (Lillehammer);ØKA1022;Makroøkonomi;2025;Vår;64;A-F;3.04;18.8;7;11;18;9;7;12;;;
Makroøkonomi;INN Rena;Høgskolen i Innlandet (Rena);3SAM100;Makroøkonomi;2025;Vår;72;A-F;2.39;29.2;4;8;10;11;18;21;;;
Makroøkonomi;Kristiania;Høyskolen Kristiania;MAO2100;Makroøkonomi;2023;Høst;79;A-F;3.15;13.9;12;21;13;9;13;11;;;
Makroøkonomi;Kristiania;Høyskolen Kristiania;MAO2100;Makroøkonomi;2024;Høst;89;A-F;2.69;19.1;7;11;23;15;16;17;;;
Makroøkonomi;Kristiania;Høyskolen Kristiania;MAO2100;Makroøkonomi;2025;Høst;77;A-F;2.74;9.1;6;14;19;18;13;7;;;
Makroøkonomi;NHH;Norges Handelshøyskole;SAM3;Makroøkonomi;2023;Vår;360;A-F;3.42;11.1;40;111;120;40;9;40;;;
Makroøkonomi;NHH;Norges Handelshøyskole;SAM3;Makroøkonomi;2024;Vår;452;A-F;3.62;2.9;86;175;117;48;13;13;;;
Makroøkonomi;NHH;Norges Handelshøyskole;SAM3;Makroøkonomi;2025;Vår;469;A-F;3.73;3.2;113;168;115;55;3;15;;;
Makroøkonomi;NLA;NLA Høgskolen;ØKAD224;Makroøkonomi og bærekraft;2025;Vår;91;A-F;2.63;26.4;6;11;14;24;12;24;;;
Makroøkonomi;NMBU;Norges miljø- og biovitenskapelige universitet (NMBU);ECN120;Makroøkonomi I - Markeder, økonomisk utvikling, velferd og konjunkturer;2023;Høst;133;A-F;3.06;6.8;13;34;37;28;12;9;;;
Makroøkonomi;NMBU;Norges miljø- og biovitenskapelige universitet (NMBU);ECN120;Makroøkonomi I - Markeder, økonomisk utvikling, velferd og konjunkturer;2024;Høst;199;A-F;3.01;30.6;29;22;30;35;22;61;;;
Makroøkonomi;NMBU;Norges miljø- og biovitenskapelige universitet (NMBU);ECN120;Makroøkonomi I - Markeder, økonomisk utvikling, velferd og konjunkturer;2025;Høst;232;A-F;3.62;13.4;66;56;35;25;19;31;;;
Makroøkonomi;NORD;Nord universitet;ECO1003;Samfunnsøkonomi, makro;2023;Vår;162;A-F;3.26;27.8;9;43;35;30;0;45;;;
Makroøkonomi;NORD;Nord universitet;ECO1003;Samfunnsøkonomi, makro;2024;Vår;140;A-F;3.22;25.7;13;28;36;23;4;36;;;
Makroøkonomi;NORD;Nord universitet;ECO1003;Samfunnsøkonomi, makro;2025;Vår;126;A-F;2.43;30.9;4;9;28;25;21;39;;;
Makroøkonomi;NTNU Gjøvik;NTNU (Gjøvik);SMF2295;Makroøkonomi;2023;Høst;73;A-F;2.15;24.7;3;0;17;17;18;18;;;
Makroøkonomi;NTNU Gjøvik;NTNU (Gjøvik);SMF2295;Makroøkonomi;2024;Høst;75;A-F;2.27;12.0;4;6;16;18;22;9;;;
Makroøkonomi;NTNU Gjøvik;NTNU (Gjøvik);SMF2295;Makroøkonomi;2025;Høst;96;A-F;2.73;4.2;8;12;39;13;20;4;;;
Makroøkonomi;NTNU Trondheim;NTNU (Trondheim);SMØ2001;Makroøkonomi I;2023;Høst;279;A-F;3.27;3.9;19;98;105;29;17;11;;;
Makroøkonomi;NTNU Trondheim;NTNU (Trondheim);SMØ2001;Makroøkonomi I;2024;Høst;235;A-F;3.21;2.1;18;69;101;27;15;5;;;
Makroøkonomi;NTNU Trondheim;NTNU (Trondheim);SMØ2001;Makroøkonomi I;2025;Høst;259;A-F;3.71;2.7;57;111;50;21;13;7;;;
Makroøkonomi;NTNU Ålesund;NTNU (Ålesund);AE101408;Makroøkonomi;2023;Høst;87;A-F;2.07;33.3;0;6;16;12;24;29;;;
Makroøkonomi;NTNU Ålesund;NTNU (Ålesund);AE101408;Makroøkonomi;2024;Høst;59;A-F;2.11;22.0;0;0;19;13;14;13;;;
Makroøkonomi;NTNU Ålesund;NTNU (Ålesund);AE101408;Makroøkonomi;2025;Høst;82;A-F;2.42;11.0;3;12;23;10;25;9;;;
Makroøkonomi;ONH;Oslo Nye Høyskole;ØKAD2210;Makroøkonomi;2023;Vår;3;A-F;2;0;0;0;0;3;0;0;;;
Makroøkonomi;ONH;Oslo Nye Høyskole;ØKAD2210;Makroøkonomi;2024;Vår;23;A-F;3.52;0;4;7;9;3;0;0;;;
Makroøkonomi;ONH;Oslo Nye Høyskole;ØKAD2210;Makroøkonomi;2025;Vår;31;A-F;3.77;0;7;10;14;0;0;0;;;
Makroøkonomi;OsloMet;OsloMet – storbyuniversitetet;ØASØK1000;Mikroøkonomi I;2023;Høst;379;A-F;3.44;8.7;85;87;90;63;21;33;;;
Makroøkonomi;OsloMet;OsloMet – storbyuniversitetet;ØASØK1000;Mikroøkonomi I;2024;Høst;366;A-F;2.7;12.6;12;57;122;81;48;46;;;
Makroøkonomi;OsloMet;OsloMet – storbyuniversitetet;ØASØK1000;Mikroøkonomi I;2025;Høst;349;A-F;3.06;10.3;44;74;96;56;43;36;;;
Makroøkonomi;USN;Universitetet i Sørøst-Norge;SØK1010;Makroøkonomi;2025;Vår;339;A-F;2.88;24.5;40;48;65;46;57;83;;;
Makroøkonomi;UiA;Universitetet i Agder;SE-204;Makroøkonomi;2023;Vår;218;A-F;3.07;13.8;22;50;56;39;21;30;;;
Makroøkonomi;UiA;Universitetet i Agder;SE-204;Makroøkonomi;2024;Vår;212;A-F;3.09;15.1;34;41;41;36;28;32;;;
Makroøkonomi;UiA;Universitetet i Agder;SE-204;Makroøkonomi;2025;Vår;203;A-F;3.26;7.9;27;50;62;40;8;16;;;
Makroøkonomi;UiS;Universitetet i Stavanger;BØK255;Makroøkonomi;2023;Vår;150;A-F;3.04;10.7;15;38;38;24;19;16;;;
Makroøkonomi;UiS;Universitetet i Stavanger;BØK255;Makroøkonomi;2024;Vår;188;A-F;3.29;10.6;30;54;39;25;20;20;;;
Makroøkonomi;UiS;Universitetet i Stavanger;BØK255;Makroøkonomi;2025;Høst;206;A-F;3.81;9.2;66;55;39;18;9;19;;;
Makroøkonomi;UiT;UiT Norges arktiske universitet;SOK-1002;Mikroøkonomi: Økonomisk atferd, markeder og priser;2023;Vår;129;A-F;2.8;17.1;16;16;33;15;27;22;;;
Makroøkonomi;UiT;UiT Norges arktiske universitet;SOK-1002;Mikroøkonomi: Økonomisk atferd, markeder og priser;2024;Vår;140;A-F;3.04;17.9;15;26;35;27;12;25;;;
Makroøkonomi;UiT;UiT Norges arktiske universitet;SOK-1002;Mikroøkonomi: Økonomisk atferd, markeder og priser;2025;Vår;144;A-F;2.65;16.0;13;15;38;27;28;23;;;
Markedsføring;BI;Handelshøyskolen BI;mrk35801;Markedsføringsled. og strategi;2024;Høst;698;A-F;2.62;12.8;59;94;156;154;146;89;;;Emnekode i kildefila fantes ikke direkte hos Karakterweb (BI deler emner i nummererte seksjoner). Brukt seksjon 'mrk35801' (flest deltakere, bokstavkarakter A-F), bekreftet manuelt av bruker for Finansregnskap.
Markedsføring;BI;Handelshøyskolen BI;mrk35801;Markedsføringsled. og strategi;2025;Vår;1890;A-F;2.55;29.0;122;228;330;251;411;548;;;Emnekode i kildefila fantes ikke direkte hos Karakterweb (BI deler emner i nummererte seksjoner). Brukt seksjon 'mrk35801' (flest deltakere, bokstavkarakter A-F), bekreftet manuelt av bruker for Finansregnskap.
Markedsføring;HIØ;Høgskolen i Østfold;SFB10519;Markedsføring;2023;Høst;128;A-F;3.66;0;21;53;44;10;0;0;;;
Markedsføring;HIØ;Høgskolen i Østfold;SFB10519;Markedsføring;2024;Høst;165;A-F;3.42;2.4;25;57;46;27;6;4;;;
Markedsføring;HIØ;Høgskolen i Østfold;SFB10519;Markedsføring;2025;Høst;146;A-F;3.62;0;44;35;41;20;6;0;;;
Markedsføring;HVL;Høgskulen på Vestlandet;BØA116;Markedsføring;2023;Vår;326;A-F;2.72;0;3;45;173;69;36;0;;;
Markedsføring;HVL;Høgskulen på Vestlandet;BØA116;Markedsføring;2024;Vår;292;A-F;2.75;0;0;24;185;69;14;0;;;
Markedsføring;HVL;Høgskulen på Vestlandet;BØA116;Markedsføring;2025;Vår;383;A-F;2.97;0;8;59;241;62;13;0;;;
Markedsføring;HiMolde;Høgskolen i Molde;ADM120;Marketing;2023;Høst;190;A-F;2.79;6.8;17;38;47;41;34;13;;;
Markedsføring;HiMolde;Høgskolen i Molde;ADM120;Marketing;2024;Høst;162;A-F;2.53;30.2;6;18;24;47;18;49;;;
Markedsføring;HiMolde;Høgskolen i Molde;ADM120;Marketing;2025;Høst;129;A-F;3.47;20.9;34;16;26;16;10;27;;;
Markedsføring;INN Lillh;Høgskolen i Innlandet (Lillehammer);ØKA1013;Markedsføring;2025;Høst;179;A-F;3.32;0;16;64;67;26;6;0;;;
Markedsføring;INN Rena;Høgskolen i Innlandet (Rena);3MAR100;Markedsføring;2025;Høst;79;A-F;2.99;3.8;3;23;27;16;7;3;;;
Markedsføring;Kristiania;Høyskolen Kristiania;MFØ1200;Markedsføring;2023;Høst;114;A-F;2.33;7.0;6;13;27;24;36;8;;;
Markedsføring;Kristiania;Høyskolen Kristiania;MFØ1200;Markedsføring;2024;Høst;94;A-F;2.23;0;0;16;22;24;32;0;;;
Markedsføring;Kristiania;Høyskolen Kristiania;MFØ1200;Markedsføring;2025;Høst;166;A-F;2.23;15.1;4;13;36;46;42;25;;;
Markedsføring;NHH;Norges Handelshøyskole;SOL2;Markedsføring;2023;Høst;480;A-F;3.84;0;93;229;146;12;0;0;;;
Markedsføring;NHH;Norges Handelshøyskole;SOL2;Markedsføring;2024;Høst;431;A-F;3.85;0;64;240;127;0;0;0;;;
Markedsføring;NHH;Norges Handelshøyskole;SOL2;Markedsføring;2025;Høst;441;A-F;3.84;0;54;271;108;8;0;0;;;
Markedsføring;NLA;NLA Høgskolen;HSM222;Innføring i markedsføring, etikk og bærekraft;2025;Vår;157;A-F;4.04;0;68;37;43;9;0;0;;;
Markedsføring;NMBU;Norges miljø- og biovitenskapelige universitet (NMBU);aos120-1 / aos120-2;Markedsføring;2024;Vår;122;A-F;4.16;0;56;36;23;7;0;0;;;"Emnekode AOS120 i kildefila fantes ikke direkte hos Karakterweb; emnet er delt i to seksjoner (aos120-1 = vårgjennomføring 2014-2025, aos120-2 = ny høstgjennomføring fra 2025). Begge seksjoner er reelle ordinære gjennomføringer (ikke kontinuasjonseksamen) og er slått sammen kronologisk; de 3 siste faktiske gjennomføringene er beholdt."
Markedsføring;NMBU;Norges miljø- og biovitenskapelige universitet (NMBU);aos120-1 / aos120-2;Markedsføring;2025;Vår;147;A-F;3.01;0;8;39;55;36;9;0;;;"Emnekode AOS120 i kildefila fantes ikke direkte hos Karakterweb; emnet er delt i to seksjoner (aos120-1 = vårgjennomføring 2014-2025, aos120-2 = ny høstgjennomføring fra 2025). Begge seksjoner er reelle ordinære gjennomføringer (ikke kontinuasjonseksamen) og er slått sammen kronologisk; de 3 siste faktiske gjennomføringene er beholdt."
Markedsføring;NMBU;Norges miljø- og biovitenskapelige universitet (NMBU);aos120-1 / aos120-2;Markedsføring;2025;Høst;121;A-F;3.35;6.6;21;30;35;21;6;8;;;"Emnekode AOS120 i kildefila fantes ikke direkte hos Karakterweb; emnet er delt i to seksjoner (aos120-1 = vårgjennomføring 2014-2025, aos120-2 = ny høstgjennomføring fra 2025). Begge seksjoner er reelle ordinære gjennomføringer (ikke kontinuasjonseksamen) og er slått sammen kronologisk; de 3 siste faktiske gjennomføringene er beholdt."
Markedsføring;NORD;Nord universitet;MAF1001;Markedsføring;2023;Høst;187;A-F;3.61;1.6;29;91;32;27;5;3;;;
Markedsføring;NORD;Nord universitet;MAF1001;Markedsføring;2024;Høst;187;A-F;3.13;4.3;9;42;95;29;4;8;;;
Markedsføring;NORD;Nord universitet;MAF1001;Markedsføring;2025;Høst;200;A-F;3.31;3.5;24;56;71;39;3;7;;;
Markedsføring;NTNU Gjøvik;NTNU (Gjøvik);SMF1196;Markedsføring - grunnkurs;2023;Høst;60;A-F;3.02;0;0;17;30;10;3;0;;;
Markedsføring;NTNU Gjøvik;NTNU (Gjøvik);SMF1196;Markedsføring - grunnkurs;2024;Høst;69;A-F;3.05;4.3;5;14;29;15;3;3;;;
Markedsføring;NTNU Gjøvik;NTNU (Gjøvik);SMF1196;Markedsføring - grunnkurs;2025;Høst;73;A-F;2.74;5.5;4;14;21;20;10;4;;;
Markedsføring;NTNU Trondheim;NTNU (Trondheim);MRK1001;Markedsføring - grunnkurs;2023;Høst;340;A-F;3.21;0;30;83;164;55;8;0;;;
Markedsføring;NTNU Trondheim;NTNU (Trondheim);MRK1001;Markedsføring - grunnkurs;2024;Høst;353;A-F;3.12;0;31;70;174;67;11;0;;;
Markedsføring;NTNU Trondheim;NTNU (Trondheim);MRK1001;Markedsføring - grunnkurs;2025;Høst;363;A-F;2.84;3.6;14;66;154;82;34;13;;;
Markedsføring;NTNU Ålesund;NTNU (Ålesund);AM101108;Markedsføring - grunnkurs;2023;Høst;160;A-F;2.86;4.4;7;27;71;33;15;7;;;
Markedsføring;NTNU Ålesund;NTNU (Ålesund);AM101108;Markedsføring - grunnkurs;2024;Høst;179;A-F;2.99;2.2;19;35;65;37;19;4;;;
Markedsføring;NTNU Ålesund;NTNU (Ålesund);AM101108;Markedsføring - grunnkurs;2025;Høst;125;A-F;2.62;0;7;13;48;39;18;0;;;
Markedsføring;ONH;Oslo Nye Høyskole;ØKAD1140;Markedsføring;2023;Høst;148;A-F;3.3;0;23;46;47;16;16;0;;;
Markedsføring;ONH;Oslo Nye Høyskole;ØKAD1140;Markedsføring;2024;Høst;193;A-F;3.28;0;32;58;50;38;15;0;;;
Markedsføring;ONH;Oslo Nye Høyskole;ØKAD1140;Markedsføring;2025;Høst;189;A-F;3.47;0;45;55;48;26;15;0;;;
Markedsføring;OsloMet;OsloMet – storbyuniversitetet;ØAADM1001;Markedsføring;2023;Høst;391;A-F;2.98;0;16;93;173;86;23;0;;;
Markedsføring;OsloMet;OsloMet – storbyuniversitetet;ØAADM1001;Markedsføring;2024;Høst;403;A-F;3.13;0.7;25;118;154;88;15;3;;;
Markedsføring;OsloMet;OsloMet – storbyuniversitetet;ØAADM1001;Markedsføring;2025;Høst;367;A-F;3.23;0.8;11;105;207;37;4;3;;;
Markedsføring;USN;Universitetet i Sørøst-Norge;MAR1000;Markedsføringsledelse;2023;Høst;675;A-F;2.66;14.8;48;86;171;161;109;100;;;
Markedsføring;USN;Universitetet i Sørøst-Norge;MAR1000;Markedsføringsledelse;2024;Høst;661;A-F;2.63;11.3;27;101;194;158;106;75;;;
Markedsføring;USN;Universitetet i Sørøst-Norge;MAR1000;Markedsføringsledelse;2025;Høst;724;A-F;2.54;9.5;36;79;196;237;107;69;;;
Markedsføring;UiA;Universitetet i Agder;MF-102;Markedsføring;2023;Vår;320;A-F;2.55;14.4;8;40;93;86;47;46;;;
Markedsføring;UiA;Universitetet i Agder;MF-102;Markedsføring;2024;Vår;353;A-F;2.52;13.6;16;36;102;89;62;48;;;
Markedsføring;UiA;Universitetet i Agder;MF-102;Markedsføring;2025;Vår;354;A-F;2.83;5.4;30;58;122;75;50;19;;;
Markedsføring;UiS;Universitetet i Stavanger;BØK250;Markedsføring;2022;Høst;149;A-F;3.64;0;30;55;44;20;0;0;;;
Markedsføring;UiS;Universitetet i Stavanger;BØK250;Markedsføring;2023;Høst;163;A-F;3.64;1.8;20;77;48;15;0;3;;;
Markedsføring;UiS;Universitetet i Stavanger;BØK250;Markedsføring;2024;Høst;209;A-F;3.35;0;6;73;119;11;0;0;;;
Markedsføring;UiT;UiT Norges arktiske universitet;BED-1303;Markedsføring;2025;Høst;204;A-F;2.83;5.4;15;40;56;61;21;11;;;
Matematikk for økonomer;BI;Handelshøyskolen BI;met29107;Matematikk for økonomer;2025;Vår;2618;A-F;2.79;45.3;234;255;293;277;372;1187;;;Emnekode i kildefila fantes ikke direkte hos Karakterweb (BI deler emner i nummererte seksjoner). Brukt seksjon 'met29107' (flest deltakere, bokstavkarakter A-F), bekreftet manuelt av bruker for Finansregnskap.
Matematikk for økonomer;HIØ;Høgskolen i Østfold;ØKA101;Matematikk for økonomer;2023;Høst;154;A-F;3.17;7.1;14;36;57;33;3;11;;;
Matematikk for økonomer;HIØ;Høgskolen i Østfold;ØKA101;Matematikk for økonomer;2024;Høst;173;A-F;2.98;6.4;15;35;59;38;15;11;;;
Matematikk for økonomer;HIØ;Høgskolen i Østfold;ØKA101;Matematikk for økonomer;2025;Høst;165;A-F;3.16;24.9;17;31;36;35;5;41;;;
Matematikk for økonomer;HVL;Høgskulen på Vestlandet;BØA111;Matematikk for økonomer;2023;Høst;373;A-F;3.09;37.3;60;48;38;29;59;139;;;
Matematikk for økonomer;HVL;Høgskulen på Vestlandet;BØA111;Matematikk for økonomer;2024;Høst;357;A-F;2.92;38.7;35;46;50;42;46;138;;;
Matematikk for økonomer;HVL;Høgskulen på Vestlandet;BØA111;Matematikk for økonomer;2025;Høst;228;A-F;3.45;30.7;57;33;19;22;27;70;;;
Matematikk for økonomer;HiMolde;Høgskolen i Molde;MAT100;Anvendt matematikk;2023;Høst;227;A-F;2.95;8.4;25;41;76;31;35;19;;;
Matematikk for økonomer;HiMolde;Høgskolen i Molde;MAT100;Anvendt matematikk;2024;Høst;275;A-F;3.33;6.6;41;67;105;24;20;18;;;
Matematikk for økonomer;HiMolde;Høgskolen i Molde;MAT100;Anvendt matematikk;2025;Høst;266;A-F;3.15;15.0;38;46;83;31;28;40;;;
Matematikk for økonomer;INN Lillh;Høgskolen i Innlandet (Lillehammer);ØKA1025;Matematikk for økonomer;2025;Høst;96;A-F;3.05;32.3;10;16;17;11;11;31;;;
Matematikk for økonomer;INN Rena;Høgskolen i Innlandet (Rena);3MET120;Matematikk for økonomer;2025;Høst;51;A-F;3.17;41.2;4;10;7;5;4;21;;;
Matematikk for økonomer;Kristiania;Høyskolen Kristiania;MAT1100;Matematikk for økonomer;2023;Høst;96;A-F;2.95;20.8;12;15;20;15;14;20;;;
Matematikk for økonomer;Kristiania;Høyskolen Kristiania;MAT1100;Matematikk for økonomer;2024;Høst;92;A-F;1.71;58.7;0;4;3;9;22;54;;;
Matematikk for økonomer;Kristiania;Høyskolen Kristiania;MAT1100;Matematikk for økonomer;2025;Høst;147;A-F;2.68;44.2;8;14;23;18;19;65;;;
Matematikk for økonomer;NHH;Norges Handelshøyskole;MET1;Matematikk for økonomer;2023;Høst;415;A-F;3.24;10.8;48;100;141;56;25;45;;;
Matematikk for økonomer;NHH;Norges Handelshøyskole;MET1;Matematikk for økonomer;2024;Høst;417;A-F;3.43;3.6;77;113;150;31;31;15;;;
Matematikk for økonomer;NHH;Norges Handelshøyskole;MET1;Matematikk for økonomer;2025;Høst;414;A-F;3.56;4.6;81;144;103;51;16;19;;;
Matematikk for økonomer;NLA;NLA Høgskolen;ØKAD222;Matematikk for økonomer;2024;Høst;73;A-F;2.85;46.6;6;7;9;9;8;34;;;
Matematikk for økonomer;NLA;NLA Høgskolen;ØKAD222;Matematikk for økonomer;2025;Høst;189;A-F;2.42;38.1;11;15;25;27;39;72;;;
Matematikk for økonomer;NMBU;Norges miljø- og biovitenskapelige universitet (NMBU);ECN102;Innføring i matematikk for økonomer;2023;Høst;232;A-F;2.27;46.1;4;18;28;33;42;107;;;
Matematikk for økonomer;NMBU;Norges miljø- og biovitenskapelige universitet (NMBU);ECN102;Innføring i matematikk for økonomer;2024;Høst;297;A-F;1.94;47.8;4;13;27;36;75;142;;;
Matematikk for økonomer;NMBU;Norges miljø- og biovitenskapelige universitet (NMBU);ECN102;Innføring i matematikk for økonomer;2025;Høst;215;A-F;2.22;54.4;6;12;16;28;36;117;;;
Matematikk for økonomer;NORD;Nord universitet;MAT1001;Matematikk;2023;Høst;200;A-F;2.45;50.0;5;8;37;27;23;100;;;
Matematikk for økonomer;NORD;Nord universitet;MAT1001;Matematikk;2024;Høst;196;A-F;2.92;54.6;7;20;28;27;7;107;;;
Matematikk for økonomer;NORD;Nord universitet;MAT1001;Matematikk;2025;Høst;212;A-F;2.92;62.7;0;24;28;24;3;133;;;
Matematikk for økonomer;NTNU Gjøvik;NTNU (Gjøvik);REA1153;Matematikk for økonomer;2023;Høst;120;A-F;2.8;23.3;16;12;20;26;18;28;;;
Matematikk for økonomer;NTNU Gjøvik;NTNU (Gjøvik);REA1153;Matematikk for økonomer;2024;Høst;129;A-F;3.01;20.2;14;25;28;20;16;26;;;
Matematikk for økonomer;NTNU Gjøvik;NTNU (Gjøvik);REA1153;Matematikk for økonomer;2025;Høst;102;A-F;2.63;37.2;6;12;16;12;18;38;;;
Matematikk for økonomer;NTNU Trondheim;NTNU (Trondheim);MET1001;Matematikk for økonomer;2023;Høst;331;A-F;3.95;8.8;149;55;54;23;21;29;;;
Matematikk for økonomer;NTNU Trondheim;NTNU (Trondheim);MET1001;Matematikk for økonomer;2024;Høst;499;A-F;3.72;6.8;183;108;76;55;43;34;;;
Matematikk for økonomer;NTNU Trondheim;NTNU (Trondheim);MET1001;Matematikk for økonomer;2025;Høst;337;A-F;3.63;14.2;100;71;57;32;29;48;;;
Matematikk for økonomer;NTNU Ålesund;NTNU (Ålesund);AR100919;Matematikk for økonomer;2023;Høst;97;A-F;2.95;40.2;10;14;10;11;13;39;;;
Matematikk for økonomer;NTNU Ålesund;NTNU (Ålesund);AR100919;Matematikk for økonomer;2024;Høst;93;A-F;2.31;26.9;8;8;10;13;29;25;;;
Matematikk for økonomer;NTNU Ålesund;NTNU (Ålesund);AR100919;Matematikk for økonomer;2025;Høst;118;A-F;2.54;24.6;6;17;23;16;27;29;;;
Matematikk for økonomer;ONH;Oslo Nye Høyskole;ØKAD1120;Matematikk for økonomer;2023;Høst;58;A-F;3.67;0;20;16;8;11;3;0;;;
Matematikk for økonomer;ONH;Oslo Nye Høyskole;ØKAD1120;Matematikk for økonomer;2024;Høst;103;A-F;4.03;0;56;16;14;12;5;0;;;
Matematikk for økonomer;ONH;Oslo Nye Høyskole;ØKAD1120;Matematikk for økonomer;2025;Høst;140;A-F;4.19;0;87;23;9;11;10;0;;;
Matematikk for økonomer;OsloMet;OsloMet – storbyuniversitetet;ØAMET1000;Matematikk I;2023;Høst;334;A-F;3.1;21.6;43;58;78;48;35;72;;;
Matematikk for økonomer;OsloMet;OsloMet – storbyuniversitetet;ØAMET1000;Matematikk I;2024;Høst;338;A-F;3.44;23.4;69;65;63;35;27;79;;;
Matematikk for økonomer;OsloMet;OsloMet – storbyuniversitetet;ØAMET1000;Matematikk I;2025;Høst;357;A-F;3.49;16.8;85;71;76;35;30;60;;;
Matematikk for økonomer;USN;Universitetet i Sørøst-Norge;MET1000;Matematikk for økonomer;2024;Høst;550;A-F;2.98;27.5;80;90;68;65;96;151;;;
Matematikk for økonomer;USN;Universitetet i Sørøst-Norge;MET1000;Matematikk for økonomer;2025;Høst;607;A-F;3.18;27.4;106;94;93;68;80;166;;;
Matematikk for økonomer;UiA;Universitetet i Agder;MA-138;Matematikk med anvendelse i økonomi;2023;Vår;216;A-F;3.41;14.3;58;27;54;24;22;31;;;
Matematikk for økonomer;UiA;Universitetet i Agder;MA-138;Matematikk med anvendelse i økonomi;2024;Vår;230;A-F;3.8;11.7;74;60;41;10;18;27;;;
Matematikk for økonomer;UiA;Universitetet i Agder;MA-138;Matematikk med anvendelse i økonomi;2025;Vår;256;A-F;3.32;9.8;46;53;85;23;24;25;;;
Matematikk for økonomer;UiS;Universitetet i Stavanger;BØK108;Matematisk metode for økonomer;2023;Høst;192;A-F;2.38;21.3;6;21;42;37;45;41;;;
Matematikk for økonomer;UiS;Universitetet i Stavanger;BØK108;Matematisk metode for økonomer;2024;Høst;240;A-F;3.02;15.0;24;55;56;40;29;36;;;
Matematikk for økonomer;UiS;Universitetet i Stavanger;BØK108;Matematisk metode for økonomer;2025;Høst;271;A-F;3.07;15.9;34;56;59;50;29;43;;;
Matematikk for økonomer;UiT;UiT Norges arktiske universitet;BED-1301;Matematikk for økonomer;2025;Høst;220;A-F;3.17;28.6;21;45;48;25;18;63;;;
Mikroøkonomi;BI;Handelshøyskolen BI;søk35001;Samfunnsøkonomi II;2024;Høst;2203;A-F;2.81;19.7;231;290;500;413;336;433;;;Emnekode i kildefila fantes ikke direkte hos Karakterweb (BI deler emner i nummererte seksjoner). Brukt seksjon 'søk35001' (flest deltakere, bokstavkarakter A-F), bekreftet manuelt av bruker for Finansregnskap.
Mikroøkonomi;BI;Handelshøyskolen BI;søk35001;Samfunnsøkonomi II;2025;Høst;2584;A-F;2.85;22.7;251;394;512;491;349;587;;;Emnekode i kildefila fantes ikke direkte hos Karakterweb (BI deler emner i nummererte seksjoner). Brukt seksjon 'søk35001' (flest deltakere, bokstavkarakter A-F), bekreftet manuelt av bruker for Finansregnskap.
Mikroøkonomi;HIØ;Høgskolen i Østfold;SFB10916;Makroøkonomi;2023;Vår;115;A-F;2.51;20.9;10;13;18;22;28;24;;;
Mikroøkonomi;HIØ;Høgskolen i Østfold;SFB10916;Makroøkonomi;2024;Vår;138;A-F;2.32;25.4;3;15;24;31;30;35;;;
Mikroøkonomi;HIØ;Høgskolen i Østfold;SFB10916;Makroøkonomi;2025;Vår;174;A-F;2.52;24.1;11;22;28;34;37;42;;;
Mikroøkonomi;HVL;Høgskulen på Vestlandet;BØA203;Mikroøkonomi 1;2023;Høst;345;A-F;2.98;22.0;35;59;77;61;37;76;;;
Mikroøkonomi;HVL;Høgskulen på Vestlandet;BØA203;Mikroøkonomi 1;2024;Høst;283;A-F;3.01;20.8;31;65;46;39;43;59;;;
Mikroøkonomi;HVL;Høgskulen på Vestlandet;BØA203;Mikroøkonomi 1;2025;Høst;284;A-F;3.17;12.3;30;82;67;40;30;35;;;
Mikroøkonomi;HiMolde;Høgskolen i Molde;SØK200;Mikroøkonomi;2023;Vår;48;A-F;3.03;22.9;9;8;6;3;11;11;;;
Mikroøkonomi;HiMolde;Høgskolen i Molde;SØK200;Mikroøkonomi;2024;Vår;98;A-F;2.58;26.5;4;16;17;16;19;26;;;
Mikroøkonomi;HiMolde;Høgskolen i Molde;SØK200;Mikroøkonomi;2025;Vår;150;A-F;2.74;26.0;19;16;26;17;33;39;;;
Mikroøkonomi;INN Lillh;Høgskolen i Innlandet (Lillehammer);ØKA1020;Mikroøkonomi 1;2025;Vår;76;A-F;2.64;38.2;8;6;10;7;16;29;;;
Mikroøkonomi;INN Rena;Høgskolen i Innlandet (Rena);3SAM120;Mikroøkonomi;2025;Vår;49;A-F;1.81;57.1;0;0;5;7;9;28;;;
Mikroøkonomi;Kristiania;Høyskolen Kristiania;MIO1100;Mikroøkonomi;2023;Vår;135;A-F;3.3;0;15;57;29;22;12;0;;;
Mikroøkonomi;Kristiania;Høyskolen Kristiania;MIO1100;Mikroøkonomi;2024;Vår;106;A-F;3.53;0;13;34;55;4;0;0;;;
Mikroøkonomi;Kristiania;Høyskolen Kristiania;MIO1100;Mikroøkonomi;2025;Vår;99;A-F;3.87;0;16;60;17;6;0;0;;;
Mikroøkonomi;NHH;Norges Handelshøyskole;SAM2;Mikroøkonomi;2023;Vår;476;A-F;3.61;6.3;157;101;90;55;43;30;;;
Mikroøkonomi;NHH;Norges Handelshøyskole;SAM2;Mikroøkonomi;2024;Vår;421;A-F;3.68;1.9;106;157;82;47;21;8;;;
Mikroøkonomi;NHH;Norges Handelshøyskole;SAM2;Mikroøkonomi;2025;Vår;422;A-F;4.49;1.9;285;71;36;18;4;8;;;
Mikroøkonomi;NLA;NLA Høgskolen;ØKAD223;Mikroøkonomi;2025;Vår;85;A-F;2.43;37.6;8;4;9;14;18;32;;;
Mikroøkonomi;NMBU;Norges miljø- og biovitenskapelige universitet (NMBU);ECN210;Mikroøkonomi I - Konsument, produsent, marked og velferd;2023;Vår;82;A-F;3.26;14.6;7;21;25;17;0;12;;;
Mikroøkonomi;NMBU;Norges miljø- og biovitenskapelige universitet (NMBU);ECN210;Mikroøkonomi I - Konsument, produsent, marked og velferd;2024;Vår;94;A-F;2.74;14.9;12;8;26;15;19;14;;;
Mikroøkonomi;NMBU;Norges miljø- og biovitenskapelige universitet (NMBU);ECN210;Mikroøkonomi I - Konsument, produsent, marked og velferd;2025;Vår;128;A-F;2.45;13.3;4;14;37;29;27;17;;;
Mikroøkonomi;NORD;Nord universitet;ECO1001;Samfunnsøkonomi, mikro;2023;Høst;139;A-F;2.72;12.2;9;13;52;31;17;17;;;
Mikroøkonomi;NORD;Nord universitet;ECO1001;Samfunnsøkonomi, mikro;2024;Høst;122;A-F;3.07;30.3;18;21;12;17;17;37;;;
Mikroøkonomi;NORD;Nord universitet;ECO1001;Samfunnsøkonomi, mikro;2025;Høst;136;A-F;2.78;40.4;19;9;12;17;24;55;;;
Mikroøkonomi;NTNU Gjøvik;NTNU (Gjøvik);SMF2291;Mikroøkonomi;2023;Vår;72;A-F;1.9;29.2;0;3;6;25;17;21;;;
Mikroøkonomi;NTNU Gjøvik;NTNU (Gjøvik);SMF2291;Mikroøkonomi;2024;Vår;94;A-F;2.14;38.3;5;4;8;18;23;36;;;
Mikroøkonomi;NTNU Gjøvik;NTNU (Gjøvik);SMF2291;Mikroøkonomi;2025;Vår;75;A-F;2.15;26.7;3;8;7;13;24;20;;;
Mikroøkonomi;NTNU Trondheim;NTNU (Trondheim);SMØ1001;Mikroøkonomi;2023;Vår;276;A-F;2.84;15.6;7;50;101;49;26;43;;;
Mikroøkonomi;NTNU Trondheim;NTNU (Trondheim);SMØ1001;Mikroøkonomi;2024;Vår;327;A-F;3.01;18.0;31;67;82;50;38;59;;;
Mikroøkonomi;NTNU Trondheim;NTNU (Trondheim);SMØ1001;Mikroøkonomi;2025;Vår;301;A-F;3.12;11.6;36;65;88;49;28;35;;;
Mikroøkonomi;NTNU Ålesund;NTNU (Ålesund);AE201615;Mikroøkonomi;2023;Vår;76;A-F;2.04;36.8;0;5;10;15;18;28;;;
Mikroøkonomi;NTNU Ålesund;NTNU (Ålesund);AE201615;Mikroøkonomi;2024;Vår;66;A-F;2.48;30.3;5;5;12;9;15;20;;;
Mikroøkonomi;NTNU Ålesund;NTNU (Ålesund);AE201615;Mikroøkonomi;2025;Vår;83;A-F;2.63;28.9;8;9;11;15;16;24;;;
Mikroøkonomi;ONH;Oslo Nye Høyskole;ØKAD1230;Mikroøkonomi;2023;Vår;70;A-F;3.57;0;14;22;24;10;0;0;;;
Mikroøkonomi;ONH;Oslo Nye Høyskole;ØKAD1230;Mikroøkonomi;2024;Vår;104;A-F;2.38;0;3;15;27;33;26;0;;;
Mikroøkonomi;ONH;Oslo Nye Høyskole;ØKAD1230;Mikroøkonomi;2025;Vår;78;A-F;3.14;0;15;18;19;15;11;0;;;
Mikroøkonomi;OsloMet;OsloMet – storbyuniversitetet;ØASØK1100;Makroøkonomi I;2023;Vår;230;A-F;2.86;4.8;19;40;74;63;23;11;;;
Mikroøkonomi;OsloMet;OsloMet – storbyuniversitetet;ØASØK1100;Makroøkonomi I;2024;Vår;371;A-F;3.08;6.5;43;90;106;69;39;24;;;
Mikroøkonomi;OsloMet;OsloMet – storbyuniversitetet;ØASØK1100;Makroøkonomi I;2025;Vår;337;A-F;3.11;12.2;44;72;77;78;25;41;;;
Mikroøkonomi;USN;Universitetet i Sørøst-Norge;SØK1000;Mikroøkonomi;2024;Høst;370;A-F;2.92;25.7;44;50;74;53;54;95;;;
Mikroøkonomi;USN;Universitetet i Sørøst-Norge;SØK1000;Mikroøkonomi;2025;Høst;457;A-F;2.55;30.2;23;39;98;91;68;138;;;
Mikroøkonomi;UiA;Universitetet i Agder;SE-213;Mikroøkonomi;2023;Høst;197;A-F;2.64;3.5;14;31;50;62;33;7;;;
Mikroøkonomi;UiA;Universitetet i Agder;SE-213;Mikroøkonomi;2024;Høst;198;A-F;3.2;8.6;30;52;43;37;19;17;;;
Mikroøkonomi;UiA;Universitetet i Agder;SE-213;Mikroøkonomi;2025;Høst;220;A-F;3.06;2.7;28;45;70;53;18;6;;;
Mikroøkonomi;UiS;Universitetet i Stavanger;BØK265;Mikroøkonomi;2023;Vår;235;A-F;2.7;24.3;26;32;32;38;50;57;;;
Mikroøkonomi;UiS;Universitetet i Stavanger;BØK265;Mikroøkonomi;2024;Vår;268;A-F;2.85;10.8;18;58;72;52;39;29;;;
Mikroøkonomi;UiS;Universitetet i Stavanger;BØK265;Mikroøkonomi;2025;Vår;246;A-F;2.83;6.9;17;49;77;49;37;17;;;
Mikroøkonomi;UiT;UiT Norges arktiske universitet;SOK-1010;Makroøkonomisk analyse og økonomisk politikk;2023;Vår;125;A-F;2.29;12.0;10;12;18;30;40;15;;;
Mikroøkonomi;UiT;UiT Norges arktiske universitet;SOK-1010;Makroøkonomisk analyse og økonomisk politikk;2024;Vår;125;A-F;3.06;8.0;15;28;35;23;14;10;;;
Mikroøkonomi;UiT;UiT Norges arktiske universitet;SOK-1010;Makroøkonomisk analyse og økonomisk politikk;2025;Vår;140;A-F;2.96;3.6;10;27;63;18;17;5;;;
Organisasjon og ledelse;BI;Handelshøyskolen BI;org34031;Organisasjonsatferd og ledelse;2023;Høst;3088;A-F;2.15;14.9;38;215;630;958;787;460;;;Emnekode i kildefila fantes ikke direkte hos Karakterweb (BI deler emner i nummererte seksjoner). Brukt seksjon 'org34031' (flest deltakere, bokstavkarakter A-F), bekreftet manuelt av bruker for Finansregnskap.
Organisasjon og ledelse;BI;Handelshøyskolen BI;org34031;Organisasjonsatferd og ledelse;2024;Høst;3638;A-F;2.08;19.5;78;248;572;975;1056;709;;;Emnekode i kildefila fantes ikke direkte hos Karakterweb (BI deler emner i nummererte seksjoner). Brukt seksjon 'org34031' (flest deltakere, bokstavkarakter A-F), bekreftet manuelt av bruker for Finansregnskap.
Organisasjon og ledelse;BI;Handelshøyskolen BI;org34031;Organisasjonsatferd og ledelse;2025;Høst;3290;A-F;2.1;13.7;42;196;588;1196;818;450;;;Emnekode i kildefila fantes ikke direkte hos Karakterweb (BI deler emner i nummererte seksjoner). Brukt seksjon 'org34031' (flest deltakere, bokstavkarakter A-F), bekreftet manuelt av bruker for Finansregnskap.
Organisasjon og ledelse;HIØ;Høgskolen i Østfold;SFB10120;Organisasjonsteori;2023;Vår;128;A-F;3.2;0;4;47;51;22;4;0;;;
Organisasjon og ledelse;HIØ;Høgskolen i Østfold;SFB10120;Organisasjonsteori;2024;Vår;141;A-F;2.88;0;0;37;57;40;7;0;;;
Organisasjon og ledelse;HIØ;Høgskolen i Østfold;SFB10120;Organisasjonsteori;2025;Vår;175;A-F;3.22;0;11;51;86;20;7;0;;;
Organisasjon og ledelse;HVL;Høgskulen på Vestlandet;BØA112;Organisasjon og ledelse;2023;Høst;377;A-F;2.53;13.3;18;54;90;85;80;50;;;
Organisasjon og ledelse;HVL;Høgskulen på Vestlandet;BØA112;Organisasjon og ledelse;2024;Høst;388;A-F;2.58;13.1;17;67;90;84;79;51;;;
Organisasjon og ledelse;HVL;Høgskulen på Vestlandet;BØA112;Organisasjon og ledelse;2025;Høst;387;A-F;2.71;10.8;28;76;84;83;74;42;;;
Organisasjon og ledelse;HiMolde;Høgskolen i Molde;ADM100;Organisasjonsteori og -psykologi;2023;Høst;214;A-F;2.94;10.8;28;34;55;47;27;23;;;
Organisasjon og ledelse;HiMolde;Høgskolen i Molde;ADM100;Organisasjonsteori og -psykologi;2024;Høst;239;A-F;2.74;18.4;27;37;39;42;50;44;;;
Organisasjon og ledelse;HiMolde;Høgskolen i Molde;ADM100;Organisasjonsteori og -psykologi;2025;Høst;224;A-F;2.62;15.2;15;30;55;47;43;34;;;
Organisasjon og ledelse;INN Lillh;Høgskolen i Innlandet (Lillehammer);ØKA1017;Organisasjonsforståelse;2025;Vår;62;A-H;;0;0;0;0;0;0;0;62;0;
Organisasjon og ledelse;INN Rena;Høgskolen i Innlandet (Rena);3ORG100;Organisasjonsforståelse;2025;Høst;85;G-H;;3.5;;;;;;;82;3;
Organisasjon og ledelse;Kristiania;Høyskolen Kristiania;OOL1101;Organisasjon og ledelse;2023;Vår;169;A-H;3.67;22.5;7;7;0;7;0;3;110;35;
Organisasjon og ledelse;Kristiania;Høyskolen Kristiania;OOL1101;Organisasjon og ledelse;2024;Vår;252;A-H;3.65;1.6;40;112;54;27;5;4;10;0;
Organisasjon og ledelse;Kristiania;Høyskolen Kristiania;OOL1101;Organisasjon og ledelse;2025;Vår;209;A-F;3.71;0;33;100;59;17;0;0;;;
Organisasjon og ledelse;NHH;Norges Handelshøyskole;SOL3;Organisasjonen;2023;Høst;419;A-F;3.47;0;47;162;156;50;4;0;;;
Organisasjon og ledelse;NHH;Norges Handelshøyskole;SOL3;Organisasjonen;2024;Høst;456;A-F;3.41;0;37;183;173;56;7;0;;;
Organisasjon og ledelse;NHH;Norges Handelshøyskole;SOL3;Organisasjonen;2025;Høst;399;A-F;3.9;0;100;186;89;21;3;0;;;
Organisasjon og ledelse;NLA;NLA Høgskolen;HSM121;Innføring i organisasjon, ledelse og etikk;2023;Høst;202;A-F;3.49;0;19;81;82;20;0;0;;;
Organisasjon og ledelse;NLA;NLA Høgskolen;HSM121;Innføring i organisasjon, ledelse og etikk;2024;Høst;296;A-F;3.65;0;35;141;106;10;4;0;;;
Organisasjon og ledelse;NLA;NLA Høgskolen;HSM121;Innføring i organisasjon, ledelse og etikk;2025;Høst;370;A-F;3.69;0;53;178;117;17;5;0;;;
Organisasjon og ledelse;NMBU;Norges miljø- og biovitenskapelige universitet (NMBU);AOS130;Innføring i organisasjonsteori;2023;Vår;101;A-F;2.82;12.9;8;15;31;21;13;13;;;
Organisasjon og ledelse;NMBU;Norges miljø- og biovitenskapelige universitet (NMBU);AOS130;Innføring i organisasjonsteori;2024;Vår;149;A-F;2.81;5.4;10;27;52;30;22;8;;;
Organisasjon og ledelse;NMBU;Norges miljø- og biovitenskapelige universitet (NMBU);AOS130;Innføring i organisasjonsteori;2025;Vår;150;A-F;3.37;4.0;18;51;46;24;5;6;;;
Organisasjon og ledelse;NORD;Nord universitet;ORG1001;Organisasjon;2023;Vår;148;A-F;3.01;4.0;14;35;44;36;13;6;;;
Organisasjon og ledelse;NORD;Nord universitet;ORG1001;Organisasjon;2024;Vår;126;A-F;2.75;18.2;13;19;24;23;24;23;;;
Organisasjon og ledelse;NORD;Nord universitet;ORG1001;Organisasjon;2025;Vår;155;A-F;3.15;8.4;21;36;45;23;17;13;;;
Organisasjon og ledelse;NTNU Gjøvik;NTNU (Gjøvik);SMF1193;Organisasjon og ledelse;2023;Høst;120;A-F;3.21;7.5;21;22;35;25;8;9;;;
Organisasjon og ledelse;NTNU Gjøvik;NTNU (Gjøvik);SMF1193;Organisasjon og ledelse;2024;Høst;155;A-F;3.13;2.6;21;43;36;37;14;4;;;
Organisasjon og ledelse;NTNU Gjøvik;NTNU (Gjøvik);SMF1193;Organisasjon og ledelse;2025;Høst;129;A-F;3.54;2.3;35;32;32;20;7;3;;;
Organisasjon og ledelse;NTNU Trondheim;NTNU (Trondheim);ORG1100;Organisasjon og ledelse;2023;Høst;377;A-F;3.11;4.0;24;109;130;80;19;15;;;
Organisasjon og ledelse;NTNU Trondheim;NTNU (Trondheim);ORG1100;Organisasjon og ledelse;2024;Høst;417;A-F;3.44;0.7;61;146;133;63;11;3;;;
Organisasjon og ledelse;NTNU Trondheim;NTNU (Trondheim);ORG1100;Organisasjon og ledelse;2025;Høst;331;A-F;3.25;0.9;44;77;135;60;12;3;;;
Organisasjon og ledelse;NTNU Ålesund;NTNU (Ålesund);AL101115;Organisasjon og ledelse;2023;Høst;135;A-F;3.12;5.2;13;31;50;26;8;7;;;
Organisasjon og ledelse;NTNU Ålesund;NTNU (Ålesund);AL101115;Organisasjon og ledelse;2024;Høst;146;A-F;2.37;8.9;3;14;44;40;32;13;;;
Organisasjon og ledelse;NTNU Ålesund;NTNU (Ålesund);AL101115;Organisasjon og ledelse;2025;Høst;153;A-F;2.81;12.4;9;30;41;35;19;19;;;
Organisasjon og ledelse;ONH;Oslo Nye Høyskole;ØKAD1130;Organisasjon og ledelse;2023;Høst;138;A-F;3.19;0;23;25;55;25;10;0;;;
Organisasjon og ledelse;ONH;Oslo Nye Høyskole;ØKAD1130;Organisasjon og ledelse;2024;Høst;202;A-F;3.5;0;34;66;73;25;4;0;;;
Organisasjon og ledelse;ONH;Oslo Nye Høyskole;ØKAD1130;Organisasjon og ledelse;2025;Høst;239;A-F;3.39;0;36;82;76;30;15;0;;;
Organisasjon og ledelse;OsloMet;OsloMet – storbyuniversitetet;ØAADM2100;Organisasjonsforståelse;2023;Høst;241;A-F;3.69;0;26;119;91;5;0;0;;;
Organisasjon og ledelse;OsloMet;OsloMet – storbyuniversitetet;ØAADM2100;Organisasjonsforståelse;2024;Høst;326;A-F;3.23;0.9;27;85;154;50;7;3;;;
Organisasjon og ledelse;OsloMet;OsloMet – storbyuniversitetet;ØAADM2100;Organisasjonsforståelse;2025;Høst;301;A-F;3.35;1.3;34;84;134;41;4;4;;;
Organisasjon og ledelse;USN;Universitetet i Sørøst-Norge;ORL1000;Organisering og ledelse;2023;Vår;701;A-F;2.55;6.0;28;90;204;229;108;42;;;
Organisasjon og ledelse;USN;Universitetet i Sørøst-Norge;ORL1000;Organisering og ledelse;2024;Vår;646;A-F;2.73;6.7;30;123;181;192;77;43;;;
Organisasjon og ledelse;USN;Universitetet i Sørøst-Norge;ORL1000;Organisering og ledelse;2025;Vår;739;A-F;2.46;13.9;19;75;210;207;125;103;;;
Organisasjon og ledelse;UiA;Universitetet i Agder;ORG109;Organisasjonsteori;2023;Høst;315;A-F;3.01;1.3;7;70;166;55;13;4;;;
Organisasjon og ledelse;UiA;Universitetet i Agder;ORG109;Organisasjonsteori;2024;Høst;335;A-F;3.04;1.2;16;95;119;87;14;4;;;
Organisasjon og ledelse;UiA;Universitetet i Agder;ORG109;Organisasjonsteori;2025;Høst;353;A-F;3.02;2.0;16;82;158;74;16;7;;;
Organisasjon og ledelse;UiS;Universitetet i Stavanger;BØK415;Ledelse og organisasjonspsykologi;2023;Høst;46;A-F;3.46;0;7;12;22;5;0;0;;;
Organisasjon og ledelse;UiS;Universitetet i Stavanger;BØK415;Ledelse og organisasjonspsykologi;2024;Høst;215;A-F;3.59;2.8;53;60;65;20;11;6;;;
Organisasjon og ledelse;UiS;Universitetet i Stavanger;BØK415;Ledelse og organisasjonspsykologi;2025;Høst;243;A-F;3.33;2.1;27;87;71;43;10;5;;;
Organisasjon og ledelse;UiT;UiT Norges arktiske universitet;BED-2302;Organisasjonsteori og ledelse;2025;Høst;180;A-F;2.71;17.8;13;29;40;34;32;32;;;
Samfunnsvitenskapelig metode;BI;Handelshøyskolen BI;met35901;Metode og statist. dataanalyse;2023;Vår;1009;A-F;3.65;13.3;327;209;137;107;95;134;;;Emnekode i kildefila fantes ikke direkte hos Karakterweb (BI deler emner i nummererte seksjoner). Brukt seksjon 'met35901' (flest deltakere, bokstavkarakter A-F), bekreftet manuelt av bruker for Finansregnskap.
Samfunnsvitenskapelig metode;BI;Handelshøyskolen BI;met35901;Metode og statist. dataanalyse;2024;Vår;1057;A-F;3.3;15.2;210;238;185;139;124;161;;;Emnekode i kildefila fantes ikke direkte hos Karakterweb (BI deler emner i nummererte seksjoner). Brukt seksjon 'met35901' (flest deltakere, bokstavkarakter A-F), bekreftet manuelt av bruker for Finansregnskap.
Samfunnsvitenskapelig metode;BI;Handelshøyskolen BI;met35901;Metode og statist. dataanalyse;2025;Høst;1264;A-F;3.15;18.3;198;263;227;190;155;231;;;Emnekode i kildefila fantes ikke direkte hos Karakterweb (BI deler emner i nummererte seksjoner). Brukt seksjon 'met35901' (flest deltakere, bokstavkarakter A-F), bekreftet manuelt av bruker for Finansregnskap.
Samfunnsvitenskapelig metode;HIØ;Høgskolen i Østfold;ØKA120;Statistikk og samfunnsvitenskapelig metode;2023;Høst;91;A-F;3.26;25.3;11;18;20;16;3;23;;;
Samfunnsvitenskapelig metode;HIØ;Høgskolen i Østfold;ØKA120;Statistikk og samfunnsvitenskapelig metode;2024;Høst;125;A-F;2.61;32.0;5;6;31;37;6;40;;;
Samfunnsvitenskapelig metode;HIØ;Høgskolen i Østfold;ØKA120;Statistikk og samfunnsvitenskapelig metode;2025;Høst;164;A-F;2.66;40.8;4;21;27;28;17;67;;;
Samfunnsvitenskapelig metode;HVL;Høgskulen på Vestlandet;ØMO111;Samfunnsvitenskapelig metode;2023;Høst;106;A-F;2.88;3.8;5;24;42;16;15;4;;;
Samfunnsvitenskapelig metode;HVL;Høgskulen på Vestlandet;ØMO111;Samfunnsvitenskapelig metode;2024;Høst;129;A-F;2.68;14.0;4;21;39;29;18;18;;;
Samfunnsvitenskapelig metode;HVL;Høgskulen på Vestlandet;ØMO111;Samfunnsvitenskapelig metode;2025;Høst;129;A-F;3.02;4.7;7;29;53;27;7;6;;;
Samfunnsvitenskapelig metode;HiMolde;Høgskolen i Molde;ADM201;Innføring i samfunnsvitenskapelig metode;2023;Vår;88;A-F;3.49;15.9;6;31;30;7;0;14;;;
Samfunnsvitenskapelig metode;HiMolde;Høgskolen i Molde;ADM201;Innføring i samfunnsvitenskapelig metode;2024;Vår;87;A-F;3.7;20.7;14;27;21;7;0;18;;;
Samfunnsvitenskapelig metode;HiMolde;Høgskolen i Molde;ADM201;Innføring i samfunnsvitenskapelig metode;2025;Vår;127;A-F;3.71;22.8;20;38;32;8;0;29;;;
Samfunnsvitenskapelig metode;INN Lillh;Høgskolen i Innlandet (Lillehammer);ØKA1023;Samfunnsvitenskapelig metode;2025;Høst;53;A-F;2.74;5.7;0;14;17;11;8;3;;;
Samfunnsvitenskapelig metode;INN Rena;Høgskolen i Innlandet (Rena);3MET200;Samfunnsvitenskapelig metode;2025;Høst;88;A-F;2.49;0;0;6;43;27;12;0;;;
Samfunnsvitenskapelig metode;Kristiania;Høyskolen Kristiania;MOD3101;Metode og dataanalyse;2025;Høst;88;A-F;3.47;0;20;19;31;18;0;0;;;
Samfunnsvitenskapelig metode;NHH;Norges Handelshøyskole;MET4;Empiriske metoder;2023;Vår;253;A-F;3.66;2.4;48;93;79;27;0;6;;;
Samfunnsvitenskapelig metode;NHH;Norges Handelshøyskole;MET4;Empiriske metoder;2024;Vår;309;A-F;3.46;0;32;129;96;52;0;0;;;
Samfunnsvitenskapelig metode;NHH;Norges Handelshøyskole;MET4;Empiriske metoder;2025;Vår;238;A-F;3.65;1.7;77;58;53;32;14;4;;;
Samfunnsvitenskapelig metode;NLA;NLA Høgskolen;HSM126;Innføring i statistikk med forskningsmetode;2024;Vår;164;A-F;2.89;1.8;11;29;70;34;17;3;;;
Samfunnsvitenskapelig metode;NLA;NLA Høgskolen;HSM126;Innføring i statistikk med forskningsmetode;2025;Vår;278;A-F;2.83;8.3;27;42;98;37;51;23;;;
Samfunnsvitenskapelig metode;NMBU;Norges miljø- og biovitenskapelige universitet (NMBU);AOS240;Samfunnsvitenskapelig metode;2023;Høst;141;A-F;3.99;0;30;79;32;0;0;0;;;
Samfunnsvitenskapelig metode;NMBU;Norges miljø- og biovitenskapelige universitet (NMBU);AOS240;Samfunnsvitenskapelig metode;2024;Høst;150;A-F;3.67;0;14;76;56;4;0;0;;;
Samfunnsvitenskapelig metode;NMBU;Norges miljø- og biovitenskapelige universitet (NMBU);AOS240;Samfunnsvitenskapelig metode;2025;Høst;225;A-F;3.67;0;21;119;75;10;0;0;;;
Samfunnsvitenskapelig metode;NORD;Nord universitet;ECO1003;Samfunnsøkonomi, makro;2023;Vår;162;A-F;3.26;27.8;9;43;35;30;0;45;;;
Samfunnsvitenskapelig metode;NORD;Nord universitet;ECO1003;Samfunnsøkonomi, makro;2024;Vår;140;A-F;3.22;25.7;13;28;36;23;4;36;;;
Samfunnsvitenskapelig metode;NORD;Nord universitet;ECO1003;Samfunnsøkonomi, makro;2025;Vår;126;A-F;2.43;30.9;4;9;28;25;21;39;;;
Samfunnsvitenskapelig metode;NTNU Gjøvik;NTNU (Gjøvik);SMF2292;Kvantitative og kvalitative metoder;2023;Vår;41;A-F;2.31;14.6;0;6;9;10;10;6;;;
Samfunnsvitenskapelig metode;NTNU Gjøvik;NTNU (Gjøvik);SMF2292;Kvantitative og kvalitative metoder;2024;Vår;67;A-F;2.2;19.4;0;10;9;17;18;13;;;
Samfunnsvitenskapelig metode;NTNU Gjøvik;NTNU (Gjøvik);SMF2292;Kvantitative og kvalitative metoder;2025;Vår;60;A-F;2.57;21.7;5;3;19;7;13;13;;;
Samfunnsvitenskapelig metode;NTNU Trondheim;NTNU (Trondheim);MET3001;Kvantitative og kvalitative metoder;2023;Vår;187;A-F;3.23;3.7;11;71;57;30;11;7;;;
Samfunnsvitenskapelig metode;NTNU Trondheim;NTNU (Trondheim);MET3001;Kvantitative og kvalitative metoder;2024;Vår;257;A-F;3.38;1.2;25;104;81;31;13;3;;;
Samfunnsvitenskapelig metode;NTNU Trondheim;NTNU (Trondheim);MET3001;Kvantitative og kvalitative metoder;2025;Vår;241;A-F;3.45;3.3;19;100;81;33;0;8;;;
Samfunnsvitenskapelig metode;NTNU Ålesund;NTNU (Ålesund);AM201306;Kvantitative og kvalitative metoder;2023;Vår;69;A-F;1.89;10.1;0;0;10;35;17;7;;;
Samfunnsvitenskapelig metode;NTNU Ålesund;NTNU (Ålesund);AM201306;Kvantitative og kvalitative metoder;2024;Vår;114;A-F;2.37;23.7;5;12;20;23;27;27;;;
Samfunnsvitenskapelig metode;NTNU Ålesund;NTNU (Ålesund);AM201306;Kvantitative og kvalitative metoder;2025;Vår;107;A-F;2.49;15.9;5;12;27;24;22;17;;;
Samfunnsvitenskapelig metode;ONH;Oslo Nye Høyskole;ØKAD2110;Metode og statistikk;2023;Høst;36;A-F;2.22;0;0;7;4;15;10;0;;;
Samfunnsvitenskapelig metode;ONH;Oslo Nye Høyskole;ØKAD2110;Metode og statistikk;2024;Høst;78;A-F;3.6;0;24;22;14;13;5;0;;;
Samfunnsvitenskapelig metode;ONH;Oslo Nye Høyskole;ØKAD2110;Metode og statistikk;2025;Høst;93;A-F;3.45;0;29;21;17;15;11;0;;;
Samfunnsvitenskapelig metode;OsloMet;OsloMet – storbyuniversitetet;ØAMET2100;Samfunnsvitenskapelig metode;2023;Høst;71;A-F;3.39;7.0;10;25;19;5;7;5;;;
Samfunnsvitenskapelig metode;OsloMet;OsloMet – storbyuniversitetet;ØAMET2100;Samfunnsvitenskapelig metode;2024;Høst;114;A-F;3.07;8.8;4;35;35;24;6;10;;;
Samfunnsvitenskapelig metode;OsloMet;OsloMet – storbyuniversitetet;ØAMET2100;Samfunnsvitenskapelig metode;2025;Høst;67;A-F;2.51;17.9;0;7;24;14;10;12;;;
Samfunnsvitenskapelig metode;USN;Universitetet i Sørøst-Norge;MET1020;Samfunnsvitenskapelig metode;2025;Vår;683;A-F;3.06;11.4;70;144;197;142;52;78;;;
Samfunnsvitenskapelig metode;UiA;Universitetet i Agder;ME-112;Social Scientific Methods;2023;Vår;305;A-F;3.39;0;35;102;116;52;0;0;;;
Samfunnsvitenskapelig metode;UiA;Universitetet i Agder;ME-112;Social Scientific Methods;2024;Vår;335;A-F;2.82;0;19;75;100;110;31;0;;;
Samfunnsvitenskapelig metode;UiA;Universitetet i Agder;ME-112;Social Scientific Methods;2025;Vår;353;A-F;2.71;0.9;20;69;110;91;60;3;;;
Samfunnsvitenskapelig metode;UiS;Universitetet i Stavanger;BØK295;Samfunnsvitenskapelig metode for arbeidslivet;2024;Vår;152;A-F;3.71;0;34;52;57;6;3;0;;;
Samfunnsvitenskapelig metode;UiS;Universitetet i Stavanger;BØK295;Samfunnsvitenskapelig metode for arbeidslivet;2025;Vår;151;A-F;3.73;0;27;67;46;11;0;0;;;
Samfunnsvitenskapelig metode;UiT;UiT Norges arktiske universitet;SVF-1050;Samfunnsvitenskapelig metode;2023;Høst;81;A-F;2.51;44.4;0;7;15;17;6;36;;;
Samfunnsvitenskapelig metode;UiT;UiT Norges arktiske universitet;SVF-1050;Samfunnsvitenskapelig metode;2024;Høst;95;A-F;2.6;13.7;3;14;28;21;16;13;;;
Samfunnsvitenskapelig metode;UiT;UiT Norges arktiske universitet;SVF-1050;Samfunnsvitenskapelig metode;2025;Høst;113;A-F;2.79;18.6;0;27;29;26;10;21;;;
Statistikk for økonomer;BI;Handelshøyskolen BI;met29201;Statistikk for økonomer;2023;Vår;2112;A-F;2.69;34.1;172;252;302;306;360;720;;;Emnekode i kildefila fantes ikke direkte hos Karakterweb (BI deler emner i nummererte seksjoner). Brukt seksjon 'met29201' (flest deltakere, bokstavkarakter A-F), bekreftet manuelt av bruker for Finansregnskap.
Statistikk for økonomer;BI;Handelshøyskolen BI;met29201;Statistikk for økonomer;2024;Vår;1590;A-F;2.74;31.5;124;191;280;262;232;501;;;Emnekode i kildefila fantes ikke direkte hos Karakterweb (BI deler emner i nummererte seksjoner). Brukt seksjon 'met29201' (flest deltakere, bokstavkarakter A-F), bekreftet manuelt av bruker for Finansregnskap.
Statistikk for økonomer;BI;Handelshøyskolen BI;met29201;Statistikk for økonomer;2025;Vår;1982;A-F;3.05;22.9;220;406;350;337;215;454;;;Emnekode i kildefila fantes ikke direkte hos Karakterweb (BI deler emner i nummererte seksjoner). Brukt seksjon 'met29201' (flest deltakere, bokstavkarakter A-F), bekreftet manuelt av bruker for Finansregnskap.
Statistikk for økonomer;HIØ;Høgskolen i Østfold;ØKA120;Statistikk og samfunnsvitenskapelig metode;2023;Høst;91;A-F;3.26;25.3;11;18;20;16;3;23;;;
Statistikk for økonomer;HIØ;Høgskolen i Østfold;ØKA120;Statistikk og samfunnsvitenskapelig metode;2024;Høst;125;A-F;2.61;32.0;5;6;31;37;6;40;;;
Statistikk for økonomer;HIØ;Høgskolen i Østfold;ØKA120;Statistikk og samfunnsvitenskapelig metode;2025;Høst;164;A-F;2.66;40.8;4;21;27;28;17;67;;;
Statistikk for økonomer;HVL;Høgskulen på Vestlandet;BØA115;Statistikk for økonomer;2023;Vår;262;A-F;3.05;27.1;38;45;38;29;41;71;;;
Statistikk for økonomer;HVL;Høgskulen på Vestlandet;BØA115;Statistikk for økonomer;2024;Vår;270;A-F;3.22;26.7;42;48;44;39;25;72;;;
Statistikk for økonomer;HVL;Høgskulen på Vestlandet;BØA115;Statistikk for økonomer;2025;Vår;288;A-F;3.17;18.4;39;66;59;38;33;53;;;
Statistikk for økonomer;HiMolde;Høgskolen i Molde;MAT110;Anvendt statistikk;2023;Vår;181;A-F;3.19;18.2;30;30;48;18;22;33;;;
Statistikk for økonomer;HiMolde;Høgskolen i Molde;MAT110;Anvendt statistikk;2024;Vår;181;A-F;3.08;6.1;16;34;83;21;16;11;;;
Statistikk for økonomer;HiMolde;Høgskolen i Molde;MAT110;Anvendt statistikk;2025;Vår;261;A-F;3.01;4.6;11;36;158;32;12;12;;;
Statistikk for økonomer;INN Lillh;Høgskolen i Innlandet (Lillehammer);ØKA1026;Statistikk for økonomer;2025;Vår;74;A-F;2.48;27.0;6;5;11;19;13;20;;;
Statistikk for økonomer;INN Rena;Høgskolen i Innlandet (Rena);SMET130;Statistikk for økonomer;2025;Vår;123;A-F;3.91;4.1;35;55;15;8;5;5;;;
Statistikk for økonomer;Kristiania;Høyskolen Kristiania;SFO1100;Statistikk for økonomer;2023;Vår;105;A-F;2.7;6.7;0;20;42;23;13;7;;;
Statistikk for økonomer;Kristiania;Høyskolen Kristiania;SFO1100;Statistikk for økonomer;2024;Vår;121;A-F;3.04;43.0;13;15;10;24;7;52;;;
Statistikk for økonomer;Kristiania;Høyskolen Kristiania;SFO1100;Statistikk for økonomer;2025;Vår;118;A-F;1.98;62.7;0;4;11;9;20;74;;;
Statistikk for økonomer;NHH;Norges Handelshøyskole;MET2;Statistikk for økonomer;2023;Vår;482;A-F;3.84;1.5;105;220;123;22;5;7;;;
Statistikk for økonomer;NHH;Norges Handelshøyskole;MET2;Statistikk for økonomer;2024;Vår;407;A-F;3.87;1.5;112;160;102;20;7;6;;;
Statistikk for økonomer;NHH;Norges Handelshøyskole;MET2;Statistikk for økonomer;2025;Vår;410;A-F;4.04;1.2;145;156;86;10;8;5;;;
Statistikk for økonomer;NLA;NLA Høgskolen;HSM126;Innføring i statistikk med forskningsmetode;2024;Vår;164;A-F;2.89;1.8;11;29;70;34;17;3;;;
Statistikk for økonomer;NLA;NLA Høgskolen;HSM126;Innføring i statistikk med forskningsmetode;2025;Vår;278;A-F;2.83;8.3;27;42;98;37;51;23;;;
Statistikk for økonomer;NMBU;Norges miljø- og biovitenskapelige universitet (NMBU);STAT100;Statistikk;2023;Vår;345;A-F;2.83;15.4;32;66;71;66;57;53;;;
Statistikk for økonomer;NMBU;Norges miljø- og biovitenskapelige universitet (NMBU);STAT100;Statistikk;2024;Vår;440;A-F;2.96;12.5;47;98;92;87;61;55;;;
Statistikk for økonomer;NMBU;Norges miljø- og biovitenskapelige universitet (NMBU);STAT100;Statistikk;2025;Vår;468;A-F;2.75;30.8;52;53;68;65;86;144;;;
Statistikk for økonomer;NORD;Nord universitet;STT1001;Statistikk;2023;Vår;147;A-F;2.39;42.2;0;10;28;32;15;62;;;
Statistikk for økonomer;NORD;Nord universitet;STT1001;Statistikk;2024;Vår;152;A-F;2.84;42.1;5;16;33;28;6;64;;;
Statistikk for økonomer;NORD;Nord universitet;STT1001;Statistikk;2025;Vår;131;A-F;3;49.6;6;15;22;19;4;65;;;
Statistikk for økonomer;NTNU Gjøvik;NTNU (Gjøvik);REA1154;Statistikk for økonomer;2023;Vår;94;A-F;1.97;29.8;0;5;17;15;29;28;;;
Statistikk for økonomer;NTNU Gjøvik;NTNU (Gjøvik);REA1154;Statistikk for økonomer;2024;Vår;80;A-F;2.24;32.5;5;6;12;5;26;26;;;
Statistikk for økonomer;NTNU Gjøvik;NTNU (Gjøvik);REA1154;Statistikk for økonomer;2025;Vår;123;A-F;2.51;27.6;12;11;17;19;30;34;;;
Statistikk for økonomer;NTNU Trondheim;NTNU (Trondheim);MET1002;Statistikk for økonomer;2023;Vår;299;A-F;3.53;6.7;72;86;66;29;26;20;;;
Statistikk for økonomer;NTNU Trondheim;NTNU (Trondheim);MET1002;Statistikk for økonomer;2024;Vår;280;A-F;3.08;11.8;33;68;65;48;33;33;;;
Statistikk for økonomer;NTNU Trondheim;NTNU (Trondheim);MET1002;Statistikk for økonomer;2025;Vår;65;A-F;4;0;23;29;8;0;5;0;;;
Statistikk for økonomer;NTNU Ålesund;NTNU (Ålesund);AR100219;Statistikk for økonomer;2023;Vår;163;A-F;2.44;49.7;5;13;22;15;27;81;;;
Statistikk for økonomer;NTNU Ålesund;NTNU (Ålesund);AR100219;Statistikk for økonomer;2024;Vår;145;A-F;2.16;45.5;0;10;22;18;29;66;;;
Statistikk for økonomer;NTNU Ålesund;NTNU (Ålesund);AR100219;Statistikk for økonomer;2025;Vår;113;A-F;2.79;41.6;11;11;13;15;16;47;;;
Statistikk for økonomer;ONH;Oslo Nye Høyskole;ØKAD2110;Metode og statistikk;2023;Høst;36;A-F;2.22;0;0;7;4;15;10;0;;;
Statistikk for økonomer;ONH;Oslo Nye Høyskole;ØKAD2110;Metode og statistikk;2024;Høst;78;A-F;3.6;0;24;22;14;13;5;0;;;
Statistikk for økonomer;ONH;Oslo Nye Høyskole;ØKAD2110;Metode og statistikk;2025;Høst;93;A-F;3.45;0;29;21;17;15;11;0;;;
Statistikk for økonomer;OsloMet;OsloMet – storbyuniversitetet;ØAMET1100;Statistikk;2023;Vår;232;A-F;3.92;12.5;72;70;40;14;7;29;;;
Statistikk for økonomer;OsloMet;OsloMet – storbyuniversitetet;ØAMET1100;Statistikk;2024;Vår;294;A-F;3.88;15.7;104;63;44;20;17;46;;;
Statistikk for økonomer;OsloMet;OsloMet – storbyuniversitetet;ØAMET1100;Statistikk;2025;Vår;330;A-F;4.04;12.7;130;88;36;19;15;42;;;
Statistikk for økonomer;USN;Universitetet i Sørøst-Norge;MET1010;Statistikk for økonomer;2025;Vår;637;A-F;2.94;24.8;66;106;118;109;80;158;;;
Statistikk for økonomer;UiA;Universitetet i Agder;ME-111;Innføring i dataanalyse;2023;Høst;208;A-F;3.13;6.2;30;43;63;41;18;13;;;
Statistikk for økonomer;UiA;Universitetet i Agder;ME-111;Innføring i dataanalyse;2024;Høst;191;A-F;3.11;3.7;26;44;57;38;19;7;;;
Statistikk for økonomer;UiA;Universitetet i Agder;ME-111;Innføring i dataanalyse;2025;Høst;220;A-F;3.12;8.6;27;52;61;40;21;19;;;
Statistikk for økonomer;UiS;Universitetet i Stavanger;BØK356;Statistics For Business and Economics;2023;Vår;372;A-F;2.87;20.2;34;61;83;71;48;75;;;
Statistikk for økonomer;UiS;Universitetet i Stavanger;BØK356;Statistics For Business and Economics;2024;Vår;235;A-F;3.04;14.5;27;46;60;44;24;34;;;
Statistikk for økonomer;UiS;Universitetet i Stavanger;BØK356;Statistics For Business and Economics;2025;Vår;235;A-F;3.06;10.6;33;45;64;37;31;25;;;
Statistikk for økonomer;UiT;UiT Norges arktiske universitet;BED-2065;Statistikk for økonomer;2025;Høst;112;A-F;2.68;10.7;8;13;37;23;19;12;;;
Økonomistyring;BI;Handelshøyskolen BI;bøk34301;Innføring i bed.øk. & finans;2023;Høst;2619;A-F;3.02;25.7;317;465;466;338;360;673;;;Emnekode i kildefila fantes ikke direkte hos Karakterweb (BI deler emner i nummererte seksjoner). Brukt seksjon 'bøk34301' (flest deltakere, bokstavkarakter A-F), bekreftet manuelt av bruker for Finansregnskap.
Økonomistyring;BI;Handelshøyskolen BI;bøk34301;Innføring i bed.øk. & finans;2024;Høst;3246;A-F;3.07;23.7;439;567;622;424;426;768;;;Emnekode i kildefila fantes ikke direkte hos Karakterweb (BI deler emner i nummererte seksjoner). Brukt seksjon 'bøk34301' (flest deltakere, bokstavkarakter A-F), bekreftet manuelt av bruker for Finansregnskap.
Økonomistyring;BI;Handelshøyskolen BI;bøk34301;Innføring i bed.øk. & finans;2025;Høst;3190;A-F;3.16;24.1;462;603;597;389;370;769;;;Emnekode i kildefila fantes ikke direkte hos Karakterweb (BI deler emner i nummererte seksjoner). Brukt seksjon 'bøk34301' (flest deltakere, bokstavkarakter A-F), bekreftet manuelt av bruker for Finansregnskap.
Økonomistyring;HIØ;Høgskolen i Østfold;SFB10613;Budsjettering og driftsregnskap;2023;Høst;94;A-F;2.84;16.0;11;7;29;22;10;15;;;
Økonomistyring;HIØ;Høgskolen i Østfold;SFB10613;Budsjettering og driftsregnskap;2024;Høst;116;A-F;2.84;17.2;15;18;26;11;26;20;;;
Økonomistyring;HIØ;Høgskolen i Østfold;SFB10613;Budsjettering og driftsregnskap;2025;Høst;157;A-F;2.35;42.0;3;11;30;18;29;66;;;
Økonomistyring;HVL;Høgskulen på Vestlandet;BØA205;Økonomistyring;2023;Vår;250;A-F;3.08;27.2;36;36;51;24;35;68;;;
Økonomistyring;HVL;Høgskulen på Vestlandet;BØA205;Økonomistyring;2024;Vår;252;A-F;3.15;17.1;41;44;61;31;32;43;;;
Økonomistyring;HVL;Høgskulen på Vestlandet;BØA205;Økonomistyring;2025;Vår;275;A-F;3.32;14.9;64;43;67;24;36;41;;;
Økonomistyring;HiMolde;Høgskolen i Molde;BØK205;Økonomistyring og regnskap;2023;Vår;73;A-F;2.97;15.1;10;14;14;12;12;11;;;
Økonomistyring;HiMolde;Høgskolen i Molde;BØK205;Økonomistyring og regnskap;2024;Vår;151;A-F;2.23;20.5;0;14;34;37;35;31;;;
Økonomistyring;HiMolde;Høgskolen i Molde;BØK205;Økonomistyring og regnskap;2025;Vår;210;A-F;2.41;27.1;12;26;28;34;53;57;;;
Økonomistyring;INN Lillh;Høgskolen i Innlandet (Lillehammer);ØKA2002;Økonomistyring;2025;Høst;70;A-F;3.53;8.6;17;20;14;6;7;6;;;
Økonomistyring;INN Rena;Høgskolen i Innlandet (Rena);3REV220;Økonomistyring;2025;Høst;53;A-F;2.78;22.6;7;5;9;12;8;12;;;
Økonomistyring;Kristiania;Høyskolen Kristiania;OKS1101;Økonomistyring;2023;Høst;106;A-F;2.89;15.1;10;25;21;13;21;16;;;
Økonomistyring;Kristiania;Høyskolen Kristiania;OKS1101;Økonomistyring;2024;Høst;75;A-F;3.15;26.7;10;9;24;3;9;20;;;
Økonomistyring;Kristiania;Høyskolen Kristiania;OKS1101;Økonomistyring;2025;Høst;80;A-F;2.34;27.5;4;6;14;16;18;22;;;
Økonomistyring;NHH;Norges Handelshøyskole;BED5;Økonomisk styring;2023;Vår;372;A-F;3.82;1.1;93;153;89;27;6;4;;;
Økonomistyring;NHH;Norges Handelshøyskole;BED5;Økonomisk styring;2024;Vår;365;A-F;3.69;2.2;82;141;91;27;16;8;;;
Økonomistyring;NHH;Norges Handelshøyskole;BED5;Økonomisk styring;2025;Vår;425;A-F;3.84;1.4;130;150;100;21;18;6;;;
Økonomistyring;NLA;NLA Høgskolen;HSM122;Innføring i bedriftsøkonomi;2023;Høst;189;A-F;2.38;35.4;16;11;22;27;46;67;;;
Økonomistyring;NLA;NLA Høgskolen;HSM122;Innføring i bedriftsøkonomi;2024;Høst;300;A-F;2.81;20.0;21;58;67;42;52;60;;;
Økonomistyring;NLA;NLA Høgskolen;HSM122;Innføring i bedriftsøkonomi;2025;Høst;429;A-F;2.84;20.8;45;75;72;78;70;89;;;
Økonomistyring;NMBU;Norges miljø- og biovitenskapelige universitet (NMBU);BUS210;Økonomi- og virksomhetsstyring;2023;Vår;110;A-F;2.27;24.6;3;12;17;23;28;27;;;
Økonomistyring;NMBU;Norges miljø- og biovitenskapelige universitet (NMBU);BUS210;Økonomi- og virksomhetsstyring;2024;Vår;140;A-F;2.81;20.0;12;19;33;32;16;28;;;
Økonomistyring;NMBU;Norges miljø- og biovitenskapelige universitet (NMBU);BUS210;Økonomi- og virksomhetsstyring;2025;Vår;181;A-F;2.95;16.0;23;27;42;40;20;29;;;
Økonomistyring;NORD;Nord universitet;REG1002;Driftsregnskap og budsjettering;2023;Vår;143;A-F;3.24;3.5;22;37;48;14;17;5;;;
Økonomistyring;NORD;Nord universitet;REG1002;Driftsregnskap og budsjettering;2024;Vår;148;A-F;2.47;19.6;8;12;41;25;33;29;;;
Økonomistyring;NORD;Nord universitet;REG1002;Driftsregnskap og budsjettering;2025;Vår;118;A-F;2.79;34.8;8;15;23;15;16;41;;;
Økonomistyring;NTNU Gjøvik;NTNU (Gjøvik);SMF2293;Driftsregnskap med budsjettering;2023;Høst;85;A-F;2.17;23.5;0;9;16;17;23;20;;;
Økonomistyring;NTNU Gjøvik;NTNU (Gjøvik);SMF2293;Driftsregnskap med budsjettering;2024;Høst;72;A-F;2.05;43.1;4;0;9;9;19;31;;;
Økonomistyring;NTNU Gjøvik;NTNU (Gjøvik);SMF2293;Driftsregnskap med budsjettering;2025;Høst;114;A-F;2.39;37.7;6;8;12;27;18;43;;;
Økonomistyring;NTNU Trondheim;NTNU (Trondheim);BØA2100;Driftsregnskap med budsjettering;2023;Høst;342;A-F;3.18;4.4;56;76;101;59;35;15;;;
Økonomistyring;NTNU Trondheim;NTNU (Trondheim);BØA2100;Driftsregnskap med budsjettering;2024;Høst;291;A-F;2.97;5.5;41;59;69;63;43;16;;;
Økonomistyring;NTNU Trondheim;NTNU (Trondheim);BØA2100;Driftsregnskap med budsjettering;2025;Høst;309;A-F;3.43;4.2;78;70;69;60;19;13;;;
Økonomistyring;NTNU Ålesund;NTNU (Ålesund);AE101124;Økonomisk Styring I;2025;Høst;157;A-F;3.07;21.7;7;37;40;36;3;34;;;
Økonomistyring;ONH;Oslo Nye Høyskole;ØKAD2220;Økonomistyring;2023;Høst;3;A-F;4;0;0;3;0;0;0;0;;;
Økonomistyring;ONH;Oslo Nye Høyskole;ØKAD2220;Økonomistyring;2024;Vår;25;A-F;3.6;0;6;9;4;6;0;0;;;
Økonomistyring;ONH;Oslo Nye Høyskole;ØKAD2220;Økonomistyring;2025;Vår;42;A-F;3.69;0;17;9;5;8;3;0;;;
Økonomistyring;OsloMet;OsloMet – storbyuniversitetet;ØABED2100;Økonomistyring;2023;Vår;199;A-F;3.36;19.6;38;43;32;32;15;39;;;
Økonomistyring;OsloMet;OsloMet – storbyuniversitetet;ØABED2100;Økonomistyring;2024;Vår;214;A-F;1.88;25.7;3;11;25;45;75;55;;;
Økonomistyring;OsloMet;OsloMet – storbyuniversitetet;ØABED2100;Økonomistyring;2025;Vår;319;A-F;2.87;27.9;27;47;66;49;41;89;;;
Økonomistyring;USN;Universitetet i Sørøst-Norge;BØK2000;Driftsregnskap og budsjettering;2025;Vår;310;A-F;2.91;25.5;30;32;89;48;32;79;;;
Økonomistyring;UiA;Universitetet i Agder;BE-110;Innføring i økonomisk styring;2023;Vår;313;A-F;3.33;11.5;60;76;68;41;32;36;;;
Økonomistyring;UiA;Universitetet i Agder;BE-110;Innføring i økonomisk styring;2024;Vår;330;A-F;3.27;8.8;62;76;79;50;34;29;;;
Økonomistyring;UiA;Universitetet i Agder;BE-110;Innføring i økonomisk styring;2025;Vår;346;A-F;3.05;17.9;57;56;71;45;55;62;;;
Økonomistyring;UiS;Universitetet i Stavanger;BØK301;Driftsregnskap og økonomistyring;2023;Vår;188;A-F;2.94;34.0;4;23;59;38;0;64;;;
Økonomistyring;UiS;Universitetet i Stavanger;BØK301;Driftsregnskap og økonomistyring;2024;Vår;345;A-F;3.05;36.2;17;39;102;62;0;125;;;
Økonomistyring;UiS;Universitetet i Stavanger;BØK301;Driftsregnskap og økonomistyring;2025;Vår;229;A-F;3.1;8.3;37;50;49;44;30;19;;;
Økonomistyring;UiT;UiT Norges arktiske universitet;BED-1502;Bedriftsøkonomisk analyse;2025;Høst;328;A-F;3.14;10.4;49;73;80;53;39;34;;;
