Institusjon;Studie- kode;Studienavn;Studie- sted;Utdannings- type;Nøkkeltall;2021;2022;2023;2024;2025;2026;Opptaksgrense 2026 førstegangsvitnemål;Opptaksgrense ordinær kvote
Høgskolen i Molde, Vitenskaplig høgskole i logistikk;211369;Økonomi og administrasjon;Molde;Økonomisk-administrative fag;Alle søkere;560;458;354;479;474;470;0;0
Høgskolen i Molde, Vitenskaplig høgskole i logistikk;211369;Økonomi og administrasjon;Molde;Økonomisk-administrative fag;Førstevalgssøkere;97;91;64;89;69;79;0;0
Høgskolen i Molde, Vitenskaplig høgskole i logistikk;211369;Økonomi og administrasjon;Molde;Økonomisk-administrative fag;Studieplasser;60;60;60;60;60;60;0;0
Høgskolen i Molde, Vitenskaplig høgskole i logistikk;211369;Økonomi og administrasjon;Molde;Økonomisk-administrative fag;Førstevalgssøkere (kvinner);53,6 %;47,3 %;59,4 %;39,3 %;44,9 %;36,7 %;0;0
Høgskolen i Molde, Vitenskaplig høgskole i logistikk;211369;Økonomi og administrasjon;Molde;Økonomisk-administrative fag;Antall kvalifiserte;500;412;317;419;423;427;0;0
Høgskolen i Molde, Vitenskaplig høgskole i logistikk;211369;Økonomi og administrasjon;Molde;Økonomisk-administrative fag;Antall tilbud;160;126;101;128;139;128;0;0
Høgskolen i Østfold;224035;Økonomi og administrasjon;Halden;Økonomisk-administrative fag;Alle søkere;923;746;752;858;776;755;0;0
Høgskolen i Østfold;224035;Økonomi og administrasjon;Halden;Økonomisk-administrative fag;Førstevalgssøkere;144;127;122;147;126;159;0;0
Høgskolen i Østfold;224035;Økonomi og administrasjon;Halden;Økonomisk-administrative fag;Studieplasser;85;80;75;75;90;90;0;0
Høgskolen i Østfold;224035;Økonomi og administrasjon;Halden;Økonomisk-administrative fag;Førstevalgssøkere (kvinner);40,3 %;37,8 %;36,9 %;27,2 %;34,9 %;38,4 %;0;0
Høgskolen i Østfold;224035;Økonomi og administrasjon;Halden;Økonomisk-administrative fag;Antall kvalifiserte;833;666;663;728;665;646;0;0
Høgskolen i Østfold;224035;Økonomi og administrasjon;Halden;Økonomisk-administrative fag;Antall tilbud;172;162;172;241;193;239;0;0
Høgskolen i Østfold;224369;Økonomi og administrasjon , deltid;Halden;Økonomisk-administrative fag;Alle søkere;;;;;276;290;0;0
Høgskolen i Østfold;224369;Økonomi og administrasjon , deltid;Halden;Økonomisk-administrative fag;Førstevalgssøkere;;;;;36;42;0;0
Høgskolen i Østfold;224369;Økonomi og administrasjon , deltid;Halden;Økonomisk-administrative fag;Studieplasser;;;;;20;20;0;0
Høgskolen i Østfold;224369;Økonomi og administrasjon , deltid;Halden;Økonomisk-administrative fag;Førstevalgssøkere (kvinner);;;;;30,6 %;57,1 %;0;0
Høgskolen i Østfold;224369;Økonomi og administrasjon , deltid;Halden;Økonomisk-administrative fag;Antall kvalifiserte;;;;;238;256;0;0
Høgskolen i Østfold;224369;Økonomi og administrasjon , deltid;Halden;Økonomisk-administrative fag;Antall tilbud;;;;;85;82;0;0
Høgskulen på Vestlandet;203369;Økonomi og administrasjon, Bergen;Bergen;Økonomisk-administrative fag;Alle søkere;3147;2813;2938;3359;3580;3629;51,3;55,8
Høgskulen på Vestlandet;203369;Økonomi og administrasjon, Bergen;Bergen;Økonomisk-administrative fag;Førstevalgssøkere;622;580;632;738;752;789;51,3;55,8
Høgskulen på Vestlandet;203369;Økonomi og administrasjon, Bergen;Bergen;Økonomisk-administrative fag;Studieplasser;165;145;124;124;114;114;51,3;55,8
Høgskulen på Vestlandet;203369;Økonomi og administrasjon, Bergen;Bergen;Økonomisk-administrative fag;Førstevalgssøkere (kvinner);40,4 %;43,3 %;41,6 %;44,6 %;46,4 %;48,0 %;51,3;55,8
Høgskulen på Vestlandet;203369;Økonomi og administrasjon, Bergen;Bergen;Økonomisk-administrative fag;Antall kvalifiserte;3046;2729;2825;3224;3452;3501;51,3;55,8
Høgskulen på Vestlandet;203369;Økonomi og administrasjon, Bergen;Bergen;Økonomisk-administrative fag;Antall tilbud;325;350;260;340;244;320;51,3;55,8
Høgskulen på Vestlandet;203404;Økonomi og administrasjon, Haugesund;Haugesund;Økonomisk-administrative fag;Alle søkere;726;598;476;541;564;613;33,3;28,7
Høgskulen på Vestlandet;203404;Økonomi og administrasjon, Haugesund;Haugesund;Økonomisk-administrative fag;Førstevalgssøkere;125;111;86;88;114;112;33,3;28,7
Høgskulen på Vestlandet;203404;Økonomi og administrasjon, Haugesund;Haugesund;Økonomisk-administrative fag;Studieplasser;97;92;80;80;80;80;33,3;28,7
Høgskulen på Vestlandet;203404;Økonomi og administrasjon, Haugesund;Haugesund;Økonomisk-administrative fag;Førstevalgssøkere (kvinner);48,8 %;55,0 %;51,2 %;47,7 %;46,5 %;56,2 %;33,3;28,7
Høgskulen på Vestlandet;203404;Økonomi og administrasjon, Haugesund;Haugesund;Økonomisk-administrative fag;Antall kvalifiserte;651;537;418;493;489;549;33,3;28,7
Høgskulen på Vestlandet;203404;Økonomi og administrasjon, Haugesund;Haugesund;Økonomisk-administrative fag;Antall tilbud;236;189;160;182;173;215;33,3;28,7
Høgskulen på Vestlandet;203515;Økonomi og administrasjon, Sogndal;Sogndal;Økonomisk-administrative fag;Alle søkere;517;446;381;432;465;487;0;0
Høgskulen på Vestlandet;203515;Økonomi og administrasjon, Sogndal;Sogndal;Økonomisk-administrative fag;Førstevalgssøkere;77;65;62;54;63;66;0;0
Høgskulen på Vestlandet;203515;Økonomi og administrasjon, Sogndal;Sogndal;Økonomisk-administrative fag;Studieplasser;55;50;50;50;50;60;0;0
Høgskulen på Vestlandet;203515;Økonomi og administrasjon, Sogndal;Sogndal;Økonomisk-administrative fag;Førstevalgssøkere (kvinner);40,3 %;33,8 %;30,6 %;31,5 %;41,3 %;31,8 %;0;0
Høgskulen på Vestlandet;203515;Økonomi og administrasjon, Sogndal;Sogndal;Økonomisk-administrative fag;Antall kvalifiserte;481;402;344;406;435;445;0;0
Høgskulen på Vestlandet;203515;Økonomi og administrasjon, Sogndal;Sogndal;Økonomisk-administrative fag;Antall tilbud;126;119;122;115;132;142;0;0
NLA Høgskolen;254035;Økonomi og administrasjon, Kristiansand;Kristiansand;Økonomisk-administrative fag;Alle søkere;536;636;652;545;610;605;36,2;32,5
NLA Høgskolen;254035;Økonomi og administrasjon, Kristiansand;Kristiansand;Økonomisk-administrative fag;Førstevalgssøkere;31;32;37;40;38;38;36,2;32,5
NLA Høgskolen;254035;Økonomi og administrasjon, Kristiansand;Kristiansand;Økonomisk-administrative fag;Studieplasser;25;30;38;35;25;25;36,2;32,5
NLA Høgskolen;254035;Økonomi og administrasjon, Kristiansand;Kristiansand;Økonomisk-administrative fag;Førstevalgssøkere (kvinner);25,8 %;18,8 %;54,1 %;25,0 %;23,7 %;23,7 %;36,2;32,5
NLA Høgskolen;254035;Økonomi og administrasjon, Kristiansand;Kristiansand;Økonomisk-administrative fag;Antall kvalifiserte;493;577;548;481;548;538;36,2;32,5
NLA Høgskolen;254035;Økonomi og administrasjon, Kristiansand;Kristiansand;Økonomisk-administrative fag;Antall tilbud;120;150;130;150;150;150;36,2;32,5
NLA Høgskolen;254470;Økonomi og administrasjon, Oslo;Oslo;Økonomisk-administrative fag;Alle søkere;1626;1696;1892;1760;1753;1737;38,9;40,4
NLA Høgskolen;254470;Økonomi og administrasjon, Oslo;Oslo;Økonomisk-administrative fag;Førstevalgssøkere;133;168;156;136;158;160;38,9;40,4
NLA Høgskolen;254470;Økonomi og administrasjon, Oslo;Oslo;Økonomisk-administrative fag;Studieplasser;45;50;76;70;70;70;38,9;40,4
NLA Høgskolen;254470;Økonomi og administrasjon, Oslo;Oslo;Økonomisk-administrative fag;Førstevalgssøkere (kvinner);29,3 %;39,3 %;32,1 %;30,1 %;24,7 %;26,9 %;38,9;40,4
NLA Høgskolen;254470;Økonomi og administrasjon, Oslo;Oslo;Økonomisk-administrative fag;Antall kvalifiserte;1512;1567;1683;1582;1550;1533;38,9;40,4
NLA Høgskolen;254470;Økonomi og administrasjon, Oslo;Oslo;Økonomisk-administrative fag;Antall tilbud;220;230;360;350;360;360;38,9;40,4
NLA Høgskolen;254515;Økonomi og administrasjon, Bergen;Bergen;Økonomisk-administrative fag;Alle søkere;;;;1445;1504;1610;46,4;47,5
NLA Høgskolen;254515;Økonomi og administrasjon, Bergen;Bergen;Økonomisk-administrative fag;Førstevalgssøkere;;;;124;102;117;46,4;47,5
NLA Høgskolen;254515;Økonomi og administrasjon, Bergen;Bergen;Økonomisk-administrative fag;Studieplasser;;;;20;25;25;46,4;47,5
NLA Høgskolen;254515;Økonomi og administrasjon, Bergen;Bergen;Økonomisk-administrative fag;Førstevalgssøkere (kvinner);;;;27,4 %;40,2 %;36,8 %;46,4;47,5
NLA Høgskolen;254515;Økonomi og administrasjon, Bergen;Bergen;Økonomisk-administrative fag;Antall kvalifiserte;;;;1332;1435;1524;46,4;47,5
NLA Høgskolen;254515;Økonomi og administrasjon, Bergen;Bergen;Økonomisk-administrative fag;Antall tilbud;;;;160;160;180;46,4;47,5
NLA Høgskolen;254369;Økonomi og administrasjon, Stavanger;Stavanger;Økonomisk-administrative fag;Alle søkere;;;;;345;461;0;0
NLA Høgskolen;254369;Økonomi og administrasjon, Stavanger;Stavanger;Økonomisk-administrative fag;Førstevalgssøkere;;;;;26;28;0;0
NLA Høgskolen;254369;Økonomi og administrasjon, Stavanger;Stavanger;Økonomisk-administrative fag;Studieplasser;;;;;25;25;0;0
NLA Høgskolen;254369;Økonomi og administrasjon, Stavanger;Stavanger;Økonomisk-administrative fag;Førstevalgssøkere (kvinner);;;;;19,2 %;32,1 %;0;0
NLA Høgskolen;254369;Økonomi og administrasjon, Stavanger;Stavanger;Økonomisk-administrative fag;Antall kvalifiserte;;;;;292;410;0;0
NLA Høgskolen;254369;Økonomi og administrasjon, Stavanger;Stavanger;Økonomisk-administrative fag;Antall tilbud;;;;;81;111;0;0
Nord universitet;204164;Økonomi og administrasjon, Bodø, årsstudium;Bodø;Økonomisk-administrative fag;Alle søkere;390;296;235;255;161;184;0;0
Nord universitet;204164;Økonomi og administrasjon, Bodø, årsstudium;Bodø;Økonomisk-administrative fag;Førstevalgssøkere;52;42;40;43;39;21;0;0
Nord universitet;204164;Økonomi og administrasjon, Bodø, årsstudium;Bodø;Økonomisk-administrative fag;Studieplasser;50;40;40;40;40;30;0;0
Nord universitet;204164;Økonomi og administrasjon, Bodø, årsstudium;Bodø;Økonomisk-administrative fag;Førstevalgssøkere (kvinner);55,8 %;52,4 %;50,0 %;48,8 %;43,6 %;52,4 %;0;0
Nord universitet;204164;Økonomi og administrasjon, Bodø, årsstudium;Bodø;Økonomisk-administrative fag;Antall kvalifiserte;363;275;219;234;152;171;0;0
Nord universitet;204164;Økonomi og administrasjon, Bodø, årsstudium;Bodø;Økonomisk-administrative fag;Antall tilbud;95;64;58;51;46;36;0;0
Nord universitet;204342;Økonomi og administrasjon, Bodø, bachelor;Bodø;Økonomisk-administrative fag;Alle søkere;533;459;437;510;381;449;0;0
Nord universitet;204342;Økonomi og administrasjon, Bodø, bachelor;Bodø;Økonomisk-administrative fag;Førstevalgssøkere;97;79;82;87;76;76;0;0
Nord universitet;204342;Økonomi og administrasjon, Bodø, bachelor;Bodø;Økonomisk-administrative fag;Studieplasser;60;70;70;60;50;60;0;0
Nord universitet;204342;Økonomi og administrasjon, Bodø, bachelor;Bodø;Økonomisk-administrative fag;Førstevalgssøkere (kvinner);39,2 %;35,4 %;34,1 %;28,7 %;35,5 %;44,7 %;0;0
Nord universitet;204342;Økonomi og administrasjon, Bodø, bachelor;Bodø;Økonomisk-administrative fag;Antall kvalifiserte;495;419;398;455;351;403;0;0
Nord universitet;204342;Økonomi og administrasjon, Bodø, bachelor;Bodø;Økonomisk-administrative fag;Antall tilbud;140;100;100;144;104;116;0;0
Nord universitet;204345;Økonomi og administrasjon - siviløkonom;Bodø;Økonomisk-administrative fag;Alle søkere;358;328;312;225;254;217;0;0
Nord universitet;204345;Økonomi og administrasjon - siviløkonom;Bodø;Økonomisk-administrative fag;Førstevalgssøkere;36;26;32;33;38;26;0;0
Nord universitet;204345;Økonomi og administrasjon - siviløkonom;Bodø;Økonomisk-administrative fag;Studieplasser;30;20;20;20;15;15;0;0
Nord universitet;204345;Økonomi og administrasjon - siviløkonom;Bodø;Økonomisk-administrative fag;Førstevalgssøkere (kvinner);33,3 %;15,4 %;31,2 %;33,3 %;42,1 %;50,0 %;0;0
Nord universitet;204345;Økonomi og administrasjon - siviløkonom;Bodø;Økonomisk-administrative fag;Antall kvalifiserte;260;235;209;160;198;148;0;0
Nord universitet;204345;Økonomi og administrasjon - siviløkonom;Bodø;Økonomisk-administrative fag;Antall tilbud;60;60;60;50;73;49;0;0
Nord universitet;204404;Økonomi og administrasjon, Steinkjer, bachelor;Steinkjer;Økonomisk-administrative fag;Alle søkere;279;256;197;286;223;240;0;0
Nord universitet;204404;Økonomi og administrasjon, Steinkjer, bachelor;Steinkjer;Økonomisk-administrative fag;Førstevalgssøkere;53;46;39;53;44;40;0;0
Nord universitet;204404;Økonomi og administrasjon, Steinkjer, bachelor;Steinkjer;Økonomisk-administrative fag;Studieplasser;50;50;50;40;40;40;0;0
Nord universitet;204404;Økonomi og administrasjon, Steinkjer, bachelor;Steinkjer;Økonomisk-administrative fag;Førstevalgssøkere (kvinner);52,8 %;54,3 %;41,0 %;43,4 %;50,0 %;47,5 %;0;0
Nord universitet;204404;Økonomi og administrasjon, Steinkjer, bachelor;Steinkjer;Økonomisk-administrative fag;Antall kvalifiserte;255;235;176;253;197;211;0;0
Nord universitet;204404;Økonomi og administrasjon, Steinkjer, bachelor;Steinkjer;Økonomisk-administrative fag;Antall tilbud;90;70;62;89;86;69;0;0
Nord universitet;204625;Økonomi og administrasjon, Steinkjer, årsstudium;Steinkjer;Økonomisk-administrative fag;Alle søkere;210;162;145;147;145;106;0;0
Nord universitet;204625;Økonomi og administrasjon, Steinkjer, årsstudium;Steinkjer;Økonomisk-administrative fag;Førstevalgssøkere;40;38;23;21;19;20;0;0
Nord universitet;204625;Økonomi og administrasjon, Steinkjer, årsstudium;Steinkjer;Økonomisk-administrative fag;Studieplasser;40;30;30;30;30;25;0;0
Nord universitet;204625;Økonomi og administrasjon, Steinkjer, årsstudium;Steinkjer;Økonomisk-administrative fag;Førstevalgssøkere (kvinner);65,0 %;55,3 %;56,5 %;52,4 %;47,4 %;75,0 %;0;0
Nord universitet;204625;Økonomi og administrasjon, Steinkjer, årsstudium;Steinkjer;Økonomisk-administrative fag;Antall kvalifiserte;200;147;131;133;133;94;0;0
Nord universitet;204625;Økonomi og administrasjon, Steinkjer, årsstudium;Steinkjer;Økonomisk-administrative fag;Antall tilbud;69;46;32;28;37;22;0;0
Norges Handelshøyskole;191345;Økonomi og administrasjon - siviløkonom;Bergen;Økonomisk-administrative fag;Alle søkere;5048;4602;4930;4737;4480;4749;54,8;59,9
Norges Handelshøyskole;191345;Økonomi og administrasjon - siviløkonom;Bergen;Økonomisk-administrative fag;Førstevalgssøkere;2179;2053;2157;1698;1823;1899;54,8;59,9
Norges Handelshøyskole;191345;Økonomi og administrasjon - siviløkonom;Bergen;Økonomisk-administrative fag;Studieplasser;570;500;500;430;420;425;54,8;59,9
Norges Handelshøyskole;191345;Økonomi og administrasjon - siviløkonom;Bergen;Økonomisk-administrative fag;Førstevalgssøkere (kvinner);35,7 %;36,4 %;36,4 %;34,8 %;35,1 %;34,5 %;54,8;59,9
Norges Handelshøyskole;191345;Økonomi og administrasjon - siviløkonom;Bergen;Økonomisk-administrative fag;Antall kvalifiserte;4586;4228;4448;4240;3984;4109;54,8;59,9
Norges Handelshøyskole;191345;Økonomi og administrasjon - siviløkonom;Bergen;Økonomisk-administrative fag;Antall tilbud;977;904;861;827;774;838;54,8;59,9
Norges miljø- og biovitenskapelige universitet;192369;Økonomi og administrasjon;Ås;Økonomisk-administrative fag;Alle søkere;1132;895;1098;1380;1417;1663;47,5;50,4
Norges miljø- og biovitenskapelige universitet;192369;Økonomi og administrasjon;Ås;Økonomisk-administrative fag;Førstevalgssøkere;175;121;153;231;247;296;47,5;50,4
Norges miljø- og biovitenskapelige universitet;192369;Økonomi og administrasjon;Ås;Økonomisk-administrative fag;Studieplasser;96;60;75;95;95;95;47,5;50,4
Norges miljø- og biovitenskapelige universitet;192369;Økonomi og administrasjon;Ås;Økonomisk-administrative fag;Førstevalgssøkere (kvinner);45,1 %;42,1 %;33,3 %;36,4 %;38,5 %;34,1 %;47,5;50,4
Norges miljø- og biovitenskapelige universitet;192369;Økonomi og administrasjon;Ås;Økonomisk-administrative fag;Antall kvalifiserte;1086;859;1015;1317;1343;1582;47,5;50,4
Norges miljø- og biovitenskapelige universitet;192369;Økonomi og administrasjon;Ås;Økonomisk-administrative fag;Antall tilbud;190;140;148;200;196;196;47,5;50,4
Norges teknisk-naturvitenskapelige universitet;194035;Økonomi og administrasjon;Trondheim;Økonomisk-administrative fag;Alle søkere;4492;3910;4344;4443;4566;4656;52,7;58,2
Norges teknisk-naturvitenskapelige universitet;194035;Økonomi og administrasjon;Trondheim;Økonomisk-administrative fag;Førstevalgssøkere;1110;873;999;1059;1149;1161;52,7;58,2
Norges teknisk-naturvitenskapelige universitet;194035;Økonomi og administrasjon;Trondheim;Økonomisk-administrative fag;Studieplasser;310;205;205;205;190;181;52,7;58,2
Norges teknisk-naturvitenskapelige universitet;194035;Økonomi og administrasjon;Trondheim;Økonomisk-administrative fag;Førstevalgssøkere (kvinner);37,6 %;38,8 %;39,9 %;38,7 %;40,0 %;43,2 %;52,7;58,2
Norges teknisk-naturvitenskapelige universitet;194035;Økonomi og administrasjon;Trondheim;Økonomisk-administrative fag;Antall kvalifiserte;4389;3828;4200;4322;4463;4541;52,7;58,2
Norges teknisk-naturvitenskapelige universitet;194035;Økonomi og administrasjon;Trondheim;Økonomisk-administrative fag;Antall tilbud;580;376;420;450;390;410;52,7;58,2
Norges teknisk-naturvitenskapelige universitet;194345;Økonomi og administrasjon, siviløkonom;Trondheim;Økonomisk-administrative fag;Alle søkere;;1939;2035;2447;2387;2395;54;60,5
Norges teknisk-naturvitenskapelige universitet;194345;Økonomi og administrasjon, siviløkonom;Trondheim;Økonomisk-administrative fag;Førstevalgssøkere;;450;439;496;492;416;54;60,5
Norges teknisk-naturvitenskapelige universitet;194345;Økonomi og administrasjon, siviløkonom;Trondheim;Økonomisk-administrative fag;Studieplasser;;105;105;105;105;105;54;60,5
Norges teknisk-naturvitenskapelige universitet;194345;Økonomi og administrasjon, siviløkonom;Trondheim;Økonomisk-administrative fag;Førstevalgssøkere (kvinner);;36,0 %;42,8 %;49,0 %;47,2 %;51,2 %;54;60,5
Norges teknisk-naturvitenskapelige universitet;194345;Økonomi og administrasjon, siviløkonom;Trondheim;Økonomisk-administrative fag;Antall kvalifiserte;;1683;1811;2225;2153;2137;54;60,5
Norges teknisk-naturvitenskapelige universitet;194345;Økonomi og administrasjon, siviløkonom;Trondheim;Økonomisk-administrative fag;Antall tilbud;;174;220;231;200;240;54;60,5
OsloMet - storbyuniversitetet;215369;Økonomi og administrasjon;Oslo;Økonomisk-administrative fag;Alle søkere;4385;3948;4404;4769;4800;5357;47,8;52,8
OsloMet - storbyuniversitetet;215369;Økonomi og administrasjon;Oslo;Økonomisk-administrative fag;Førstevalgssøkere;996;873;934;982;1056;1205;47,8;52,8
OsloMet - storbyuniversitetet;215369;Økonomi og administrasjon;Oslo;Økonomisk-administrative fag;Studieplasser;245;245;240;290;300;280;47,8;52,8
OsloMet - storbyuniversitetet;215369;Økonomi og administrasjon;Oslo;Økonomisk-administrative fag;Førstevalgssøkere (kvinner);39,6 %;47,9 %;44,1 %;39,6 %;40,5 %;44,0 %;47,8;52,8
OsloMet - storbyuniversitetet;215369;Økonomi og administrasjon;Oslo;Økonomisk-administrative fag;Antall kvalifiserte;4172;3784;4133;4488;4509;4990;47,8;52,8
OsloMet - storbyuniversitetet;215369;Økonomi og administrasjon;Oslo;Økonomisk-administrative fag;Antall tilbud;500;520;580;600;610;590;47,8;52,8
OsloMet - storbyuniversitetet;215345;Økonomi og administrasjon - siviløkonom;Oslo;Økonomisk-administrative fag;Alle søkere;;;1932;1757;1745;1668;46,8;51,3
OsloMet - storbyuniversitetet;215345;Økonomi og administrasjon - siviløkonom;Oslo;Økonomisk-administrative fag;Førstevalgssøkere;;;392;343;336;338;46,8;51,3
OsloMet - storbyuniversitetet;215345;Økonomi og administrasjon - siviløkonom;Oslo;Økonomisk-administrative fag;Studieplasser;;;60;95;96;120;46,8;51,3
OsloMet - storbyuniversitetet;215345;Økonomi og administrasjon - siviløkonom;Oslo;Økonomisk-administrative fag;Førstevalgssøkere (kvinner);;;41,6 %;45,8 %;47,3 %;49,4 %;46,8;51,3
OsloMet - storbyuniversitetet;215345;Økonomi og administrasjon - siviløkonom;Oslo;Økonomisk-administrative fag;Antall kvalifiserte;;;1435;1364;1319;1226;46,8;51,3
OsloMet - storbyuniversitetet;215345;Økonomi og administrasjon - siviløkonom;Oslo;Økonomisk-administrative fag;Antall tilbud;;;160;180;220;320;46,8;51,3
UiT Norges arktiske universitet;186035;Økonomi og administrasjon, Harstad;Harstad;Økonomisk-administrative fag;Alle søkere;243;186;157;181;143;328;0;0
UiT Norges arktiske universitet;186035;Økonomi og administrasjon, Harstad;Harstad;Økonomisk-administrative fag;Førstevalgssøkere;43;42;30;32;41;70;0;0
UiT Norges arktiske universitet;186035;Økonomi og administrasjon, Harstad;Harstad;Økonomisk-administrative fag;Studieplasser;110;110;110;110;50;60;0;0
UiT Norges arktiske universitet;186035;Økonomi og administrasjon, Harstad;Harstad;Økonomisk-administrative fag;Førstevalgssøkere (kvinner);44,2 %;45,2 %;46,7 %;43,8 %;53,7 %;58,6 %;0;0
UiT Norges arktiske universitet;186035;Økonomi og administrasjon, Harstad;Harstad;Økonomisk-administrative fag;Antall kvalifiserte;216;158;126;157;132;290;0;0
UiT Norges arktiske universitet;186035;Økonomi og administrasjon, Harstad;Harstad;Økonomisk-administrative fag;Antall tilbud;66;44;38;44;45;94;0;0
UiT Norges arktiske universitet;186369;Økonomi og administrasjon, Tromsø;Tromsø;Økonomisk-administrative fag;Alle søkere;1136;908;1014;1032;1047;1120;40,3;38,6
UiT Norges arktiske universitet;186369;Økonomi og administrasjon, Tromsø;Tromsø;Økonomisk-administrative fag;Førstevalgssøkere;242;168;202;190;193;186;40,3;38,6
UiT Norges arktiske universitet;186369;Økonomi og administrasjon, Tromsø;Tromsø;Økonomisk-administrative fag;Studieplasser;140;130;130;130;140;140;40,3;38,6
UiT Norges arktiske universitet;186369;Økonomi og administrasjon, Tromsø;Tromsø;Økonomisk-administrative fag;Førstevalgssøkere (kvinner);32,6 %;32,1 %;35,6 %;33,7 %;27,5 %;30,1 %;40,3;38,6
UiT Norges arktiske universitet;186369;Økonomi og administrasjon, Tromsø;Tromsø;Økonomisk-administrative fag;Antall kvalifiserte;1080;846;936;979;990;1051;40,3;38,6
UiT Norges arktiske universitet;186369;Økonomi og administrasjon, Tromsø;Tromsø;Økonomisk-administrative fag;Antall tilbud;220;230;220;300;300;300;40,3;38,6
UiT Norges arktiske universitet;186468;Økonomi og administrasjon, Alta;Alta;Økonomisk-administrative fag;Alle søkere;1951;1489;1911;2523;1827;1813;0;45,8
UiT Norges arktiske universitet;186468;Økonomi og administrasjon, Alta;Alta;Økonomisk-administrative fag;Førstevalgssøkere;605;483;650;809;538;469;0;45,8
UiT Norges arktiske universitet;186468;Økonomi og administrasjon, Alta;Alta;Økonomisk-administrative fag;Studieplasser;300;300;300;300;350;350;0;45,8
UiT Norges arktiske universitet;186468;Økonomi og administrasjon, Alta;Alta;Økonomisk-administrative fag;Førstevalgssøkere (kvinner);55,2 %;54,5 %;52,6 %;53,2 %;53,7 %;52,9 %;0;45,8
UiT Norges arktiske universitet;186468;Økonomi og administrasjon, Alta;Alta;Økonomisk-administrative fag;Antall kvalifiserte;1806;1380;1780;2368;1742;1725;0;45,8
UiT Norges arktiske universitet;186468;Økonomi og administrasjon, Alta;Alta;Økonomisk-administrative fag;Antall tilbud;500;500;500;500;600;550;0;45,8
Universitetet i Agder;201345;Økonomi og administrasjon - siviløkonom;Kristiansand;Økonomisk-administrative fag;Alle søkere;1046;873;937;1074;1051;1156;45,6;46,5
Universitetet i Agder;201345;Økonomi og administrasjon - siviløkonom;Kristiansand;Økonomisk-administrative fag;Førstevalgssøkere;206;135;154;172;178;199;45,6;46,5
Universitetet i Agder;201345;Økonomi og administrasjon - siviløkonom;Kristiansand;Økonomisk-administrative fag;Studieplasser;100;100;100;100;100;100;45,6;46,5
Universitetet i Agder;201345;Økonomi og administrasjon - siviløkonom;Kristiansand;Økonomisk-administrative fag;Førstevalgssøkere (kvinner);36,9 %;38,5 %;33,8 %;43,6 %;31,5 %;34,2 %;45,6;46,5
Universitetet i Agder;201345;Økonomi og administrasjon - siviløkonom;Kristiansand;Økonomisk-administrative fag;Antall kvalifiserte;829;693;701;760;800;847;45,6;46,5
Universitetet i Agder;201345;Økonomi og administrasjon - siviløkonom;Kristiansand;Økonomisk-administrative fag;Antall tilbud;240;220;214;250;250;260;45,6;46,5
Universitetet i Agder;201369;Økonomi og administrasjon;Kristiansand;Økonomisk-administrative fag;Alle søkere;2226;1872;2108;2394;2320;2603;48,8;50,9
Universitetet i Agder;201369;Økonomi og administrasjon;Kristiansand;Økonomisk-administrative fag;Førstevalgssøkere;443;369;431;485;501;507;48,8;50,9
Universitetet i Agder;201369;Økonomi og administrasjon;Kristiansand;Økonomisk-administrative fag;Studieplasser;150;150;150;150;150;150;48,8;50,9
Universitetet i Agder;201369;Økonomi og administrasjon;Kristiansand;Økonomisk-administrative fag;Førstevalgssøkere (kvinner);38,1 %;37,9 %;37,8 %;39,4 %;40,7 %;41,2 %;48,8;50,9
Universitetet i Agder;201369;Økonomi og administrasjon;Kristiansand;Økonomisk-administrative fag;Antall kvalifiserte;2150;1800;2007;2281;2202;2505;48,8;50,9
Universitetet i Agder;201369;Økonomi og administrasjon;Kristiansand;Økonomisk-administrative fag;Antall tilbud;328;300;300;300;300;290;48,8;50,9
Universitetet i Innlandet;209035;Økonomi og administrasjon, Lillehammer, bachelor;Lillehammer;Økonomisk-administrative fag;Alle søkere;1019;907;743;974;786;992;43,3;44,6
Universitetet i Innlandet;209035;Økonomi og administrasjon, Lillehammer, bachelor;Lillehammer;Økonomisk-administrative fag;Førstevalgssøkere;132;110;114;129;120;137;43,3;44,6
Universitetet i Innlandet;209035;Økonomi og administrasjon, Lillehammer, bachelor;Lillehammer;Økonomisk-administrative fag;Studieplasser;70;80;85;80;80;80;43,3;44,6
Universitetet i Innlandet;209035;Økonomi og administrasjon, Lillehammer, bachelor;Lillehammer;Økonomisk-administrative fag;Førstevalgssøkere (kvinner);37,9 %;37,3 %;39,5 %;38,8 %;36,7 %;27,0 %;43,3;44,6
Universitetet i Innlandet;209035;Økonomi og administrasjon, Lillehammer, bachelor;Lillehammer;Økonomisk-administrative fag;Antall kvalifiserte;968;847;674;881;726;920;43,3;44,6
Universitetet i Innlandet;209035;Økonomi og administrasjon, Lillehammer, bachelor;Lillehammer;Økonomisk-administrative fag;Antall tilbud;180;150;157;154;165;155;43,3;44,6
Universitetet i Innlandet;209232;Økonomi og administrasjon, Lillehammer, årsstudium;Lillehammer;Økonomisk-administrative fag;Alle søkere;473;284;332;401;279;349;36,9;43,7
Universitetet i Innlandet;209232;Økonomi og administrasjon, Lillehammer, årsstudium;Lillehammer;Økonomisk-administrative fag;Førstevalgssøkere;80;39;39;50;32;46;36,9;43,7
Universitetet i Innlandet;209232;Økonomi og administrasjon, Lillehammer, årsstudium;Lillehammer;Økonomisk-administrative fag;Studieplasser;20;20;20;20;20;20;36,9;43,7
Universitetet i Innlandet;209232;Økonomi og administrasjon, Lillehammer, årsstudium;Lillehammer;Økonomisk-administrative fag;Førstevalgssøkere (kvinner);51,2 %;51,3 %;46,2 %;36,0 %;34,4 %;39,1 %;36,9;43,7
Universitetet i Innlandet;209232;Økonomi og administrasjon, Lillehammer, årsstudium;Lillehammer;Økonomisk-administrative fag;Antall kvalifiserte;459;274;310;380;263;323;36,9;43,7
Universitetet i Innlandet;209232;Økonomi og administrasjon, Lillehammer, årsstudium;Lillehammer;Økonomisk-administrative fag;Antall tilbud;50;65;41;50;60;60;36,9;43,7
Universitetet i Innlandet;209369;Økonomi og administrasjon, Rena, bachelor;Åmot;Økonomisk-administrative fag;Alle søkere;384;279;213;240;210;236;0;0
Universitetet i Innlandet;209369;Økonomi og administrasjon, Rena, bachelor;Åmot;Økonomisk-administrative fag;Førstevalgssøkere;38;18;23;21;22;27;0;0
Universitetet i Innlandet;209369;Økonomi og administrasjon, Rena, bachelor;Åmot;Økonomisk-administrative fag;Studieplasser;45;40;40;40;40;40;0;0
Universitetet i Innlandet;209369;Økonomi og administrasjon, Rena, bachelor;Åmot;Økonomisk-administrative fag;Førstevalgssøkere (kvinner);42,1 %;33,3 %;30,4 %;28,6 %;27,3 %;55,6 %;0;0
Universitetet i Innlandet;209369;Økonomi og administrasjon, Rena, bachelor;Åmot;Økonomisk-administrative fag;Antall kvalifiserte;344;238;182;198;184;204;0;0
Universitetet i Innlandet;209369;Økonomi og administrasjon, Rena, bachelor;Åmot;Økonomisk-administrative fag;Antall tilbud;116;34;48;47;37;52;0;0
Universitetet i Innlandet;209515;Økonomi og administrasjon, deltid;Åmot;Økonomisk-administrative fag;Alle søkere;;2060;1911;2124;1750;1869;0;53,1
Universitetet i Innlandet;209515;Økonomi og administrasjon, deltid;Åmot;Økonomisk-administrative fag;Førstevalgssøkere;;492;423;451;364;369;0;53,1
Universitetet i Innlandet;209515;Økonomi og administrasjon, deltid;Åmot;Økonomisk-administrative fag;Studieplasser;;100;110;100;100;115;0;53,1
Universitetet i Innlandet;209515;Økonomi og administrasjon, deltid;Åmot;Økonomisk-administrative fag;Førstevalgssøkere (kvinner);;53,5 %;53,2 %;53,7 %;53,8 %;54,2 %;0;53,1
Universitetet i Innlandet;209515;Økonomi og administrasjon, deltid;Åmot;Økonomisk-administrative fag;Antall kvalifiserte;;1904;1783;1982;1638;1749;0;53,1
Universitetet i Innlandet;209515;Økonomi og administrasjon, deltid;Åmot;Økonomisk-administrative fag;Antall tilbud;;200;200;200;166;210;0;53,1
Universitetet i Innlandet;209449;Økonomi og administrasjon, Rena, bachelor, nettbasert;Åmot;Økonomisk-administrative fag;Alle søkere;;;;;1845;1288;48,4;63
Universitetet i Innlandet;209449;Økonomi og administrasjon, Rena, bachelor, nettbasert;Åmot;Økonomisk-administrative fag;Førstevalgssøkere;;;;;296;228;48,4;63
Universitetet i Innlandet;209449;Økonomi og administrasjon, Rena, bachelor, nettbasert;Åmot;Økonomisk-administrative fag;Studieplasser;;;;;20;20;48,4;63
Universitetet i Innlandet;209449;Økonomi og administrasjon, Rena, bachelor, nettbasert;Åmot;Økonomisk-administrative fag;Førstevalgssøkere (kvinner);;;;;49,3 %;55,7 %;48,4;63
Universitetet i Innlandet;209449;Økonomi og administrasjon, Rena, bachelor, nettbasert;Åmot;Økonomisk-administrative fag;Antall kvalifiserte;;;;;1730;1207;48,4;63
Universitetet i Innlandet;209449;Økonomi og administrasjon, Rena, bachelor, nettbasert;Åmot;Økonomisk-administrative fag;Antall tilbud;;;;;35;30;48,4;63
Universitetet i Stavanger;217369;Økonomi og administrasjon;Stavanger;Økonomisk-administrative fag;Alle søkere;2807;2389;2361;2477;2624;3178;46,3;48
Universitetet i Stavanger;217369;Økonomi og administrasjon;Stavanger;Økonomisk-administrative fag;Førstevalgssøkere;564;553;587;483;546;674;46,3;48
Universitetet i Stavanger;217369;Økonomi og administrasjon;Stavanger;Økonomisk-administrative fag;Studieplasser;228;211;191;180;180;140;46,3;48
Universitetet i Stavanger;217369;Økonomi og administrasjon;Stavanger;Økonomisk-administrative fag;Førstevalgssøkere (kvinner);38,8 %;37,8 %;41,2 %;37,1 %;38,1 %;38,0 %;46,3;48
Universitetet i Stavanger;217369;Økonomi og administrasjon;Stavanger;Økonomisk-administrative fag;Antall kvalifiserte;2647;2266;2189;2317;2433;2992;46,3;48
Universitetet i Stavanger;217369;Økonomi og administrasjon;Stavanger;Økonomisk-administrative fag;Antall tilbud;500;475;400;480;490;460;46,3;48
Universitetet i Sørøst-Norge;222345;Økonomi og administrasjon - siviløkonom;Ringerike;Økonomisk-administrative fag;Alle søkere;464;362;338;288;321;328;0;0
Universitetet i Sørøst-Norge;222345;Økonomi og administrasjon - siviløkonom;Ringerike;Økonomisk-administrative fag;Førstevalgssøkere;73;59;31;33;41;42;0;0
Universitetet i Sørøst-Norge;222345;Økonomi og administrasjon - siviløkonom;Ringerike;Økonomisk-administrative fag;Studieplasser;40;40;40;40;40;40;0;0
Universitetet i Sørøst-Norge;222345;Økonomi og administrasjon - siviløkonom;Ringerike;Økonomisk-administrative fag;Førstevalgssøkere (kvinner);50,7 %;40,7 %;35,5 %;36,4 %;39,0 %;52,4 %;0;0
Universitetet i Sørøst-Norge;222345;Økonomi og administrasjon - siviløkonom;Ringerike;Økonomisk-administrative fag;Antall kvalifiserte;323;244;213;199;222;219;0;0
Universitetet i Sørøst-Norge;222345;Økonomi og administrasjon - siviløkonom;Ringerike;Økonomisk-administrative fag;Antall tilbud;131;83;74;82;76;93;0;0
Universitetet i Sørøst-Norge;222097;Økonomi og administrasjon, Hønefoss;Ringerike;Økonomisk-administrative fag;Alle søkere;;;;177;134;167;0;0
Universitetet i Sørøst-Norge;222097;Økonomi og administrasjon, Hønefoss;Ringerike;Økonomisk-administrative fag;Førstevalgssøkere;;;;22;13;20;0;0
Universitetet i Sørøst-Norge;222097;Økonomi og administrasjon, Hønefoss;Ringerike;Økonomisk-administrative fag;Studieplasser;;;;20;20;20;0;0
Universitetet i Sørøst-Norge;222097;Økonomi og administrasjon, Hønefoss;Ringerike;Økonomisk-administrative fag;Førstevalgssøkere (kvinner);;;;72,7 %;30,8 %;45,0 %;0;0
Universitetet i Sørøst-Norge;222097;Økonomi og administrasjon, Hønefoss;Ringerike;Økonomisk-administrative fag;Antall kvalifiserte;;;;162;115;146;0;0
Universitetet i Sørøst-Norge;222097;Økonomi og administrasjon, Hønefoss;Ringerike;Økonomisk-administrative fag;Antall tilbud;;;;42;27;35;0;0
Universitetet i Sørøst-Norge;222164;Økonomi og administrasjon, Bø;Midt-Telemark;Økonomisk-administrative fag;Alle søkere;;;;164;130;144;0;0
Universitetet i Sørøst-Norge;222164;Økonomi og administrasjon, Bø;Midt-Telemark;Økonomisk-administrative fag;Førstevalgssøkere;;;;25;22;29;0;0
Universitetet i Sørøst-Norge;222164;Økonomi og administrasjon, Bø;Midt-Telemark;Økonomisk-administrative fag;Studieplasser;;;;20;20;20;0;0
Universitetet i Sørøst-Norge;222164;Økonomi og administrasjon, Bø;Midt-Telemark;Økonomisk-administrative fag;Førstevalgssøkere (kvinner);;;;44,0 %;54,5 %;44,8 %;0;0
Universitetet i Sørøst-Norge;222164;Økonomi og administrasjon, Bø;Midt-Telemark;Økonomisk-administrative fag;Antall kvalifiserte;;;;148;119;128;0;0
Universitetet i Sørøst-Norge;222164;Økonomi og administrasjon, Bø;Midt-Telemark;Økonomisk-administrative fag;Antall tilbud;;;;38;20;45;0;0
Universitetet i Sørøst-Norge;222218;Økonomi og administrasjon, Hallingdal;Gol;Økonomisk-administrative fag;Alle søkere;;;;37;24;23;0;0
Universitetet i Sørøst-Norge;222218;Økonomi og administrasjon, Hallingdal;Gol;Økonomisk-administrative fag;Førstevalgssøkere;;;;6;6;6;0;0
Universitetet i Sørøst-Norge;222218;Økonomi og administrasjon, Hallingdal;Gol;Økonomisk-administrative fag;Studieplasser;;;;15;15;20;0;0
Universitetet i Sørøst-Norge;222218;Økonomi og administrasjon, Hallingdal;Gol;Økonomisk-administrative fag;Førstevalgssøkere (kvinner);;;;0,0 %;50,0 %;50,0 %;0;0
Universitetet i Sørøst-Norge;222218;Økonomi og administrasjon, Hallingdal;Gol;Økonomisk-administrative fag;Antall kvalifiserte;;;;31;22;21;0;0
Universitetet i Sørøst-Norge;222218;Økonomi og administrasjon, Hallingdal;Gol;Økonomisk-administrative fag;Antall tilbud;;;;6;6;6;0;0
Universitetet i Sørøst-Norge;222625;Økonomi og administrasjon, Kongsberg;Kongsberg;Økonomisk-administrative fag;Alle søkere;;;;;201;224;0;0
Universitetet i Sørøst-Norge;222625;Økonomi og administrasjon, Kongsberg;Kongsberg;Økonomisk-administrative fag;Førstevalgssøkere;;;;;25;22;0;0
Universitetet i Sørøst-Norge;222625;Økonomi og administrasjon, Kongsberg;Kongsberg;Økonomisk-administrative fag;Studieplasser;;;;;25;25;0;0
Universitetet i Sørøst-Norge;222625;Økonomi og administrasjon, Kongsberg;Kongsberg;Økonomisk-administrative fag;Førstevalgssøkere (kvinner);;;;;56,0 %;68,2 %;0;0
Universitetet i Sørøst-Norge;222625;Økonomi og administrasjon, Kongsberg;Kongsberg;Økonomisk-administrative fag;Antall kvalifiserte;;;;;175;191;0;0
Universitetet i Sørøst-Norge;222625;Økonomi og administrasjon, Kongsberg;Kongsberg;Økonomisk-administrative fag;Antall tilbud;;;;;43;42;0;0
Norges teknisk-naturvitenskapelige universitet;194218;Økonomi og administrasjon, årsstudium;Trondheim;Økonomisk-administrative fag;Alle søkere;;;;;1310;; ;61,5
Norges teknisk-naturvitenskapelige universitet;194218;Økonomi og administrasjon, årsstudium;Trondheim;Økonomisk-administrative fag;Førstevalgssøkere;;;;;218;; ;61,5
Norges teknisk-naturvitenskapelige universitet;194218;Økonomi og administrasjon, årsstudium;Trondheim;Økonomisk-administrative fag;Studieplasser;;;;;40;; ;61,5
Norges teknisk-naturvitenskapelige universitet;194218;Økonomi og administrasjon, årsstudium;Trondheim;Økonomisk-administrative fag;Førstevalgssøkere (kvinner);;;;;54,6 %;; ;61,5
Norges teknisk-naturvitenskapelige universitet;194218;Økonomi og administrasjon, årsstudium;Trondheim;Økonomisk-administrative fag;Antall kvalifiserte;;;;;1286;; ;61,5
Norges teknisk-naturvitenskapelige universitet;194218;Økonomi og administrasjon, årsstudium;Trondheim;Økonomisk-administrative fag;Antall tilbud;;;;;86;; ;61,5
Universitetet i Sørøst-Norge;222398;Økonomi og administrasjon, deltid;Gol;Økonomisk-administrative fag;Alle søkere;;;;;75;; ;0
Universitetet i Sørøst-Norge;222398;Økonomi og administrasjon, deltid;Gol;Økonomisk-administrative fag;Førstevalgssøkere;;;;;13;; ;0
Universitetet i Sørøst-Norge;222398;Økonomi og administrasjon, deltid;Gol;Økonomisk-administrative fag;Studieplasser;;;;;20;; ;0
Universitetet i Sørøst-Norge;222398;Økonomi og administrasjon, deltid;Gol;Økonomisk-administrative fag;Førstevalgssøkere (kvinner);;;;;69,2 %;; ;0
Universitetet i Sørøst-Norge;222398;Økonomi og administrasjon, deltid;Gol;Økonomisk-administrative fag;Antall kvalifiserte;;;;;68;; ;0
Universitetet i Sørøst-Norge;222398;Økonomi og administrasjon, deltid;Gol;Økonomisk-administrative fag;Antall tilbud;;;;;14;; ;0