Institusjon;Studie- kode;Studienavn;Studie- sted;Utdannings- type;Nøkkeltall;2021;2022;2023;2024;2025;2026
Norges miljø- og biovitenskapelige universitet;192 468;Samfunnsøkonomi;Ås;Økonomisk-administrative fag;Alle søkere;609;531;700;785;805;659
Norges miljø- og biovitenskapelige universitet;192 468;Samfunnsøkonomi;Ås;Økonomisk-administrative fag;Førstevalgssøkere;58;41;68;56;63;48
Norges miljø- og biovitenskapelige universitet;192 468;Samfunnsøkonomi;Ås;Økonomisk-administrative fag;Studieplasser;25;25;35;35;35;30
Norges miljø- og biovitenskapelige universitet;192 468;Samfunnsøkonomi;Ås;Økonomisk-administrative fag;Førstevalgssøkere (kvinner);41,4 %;46,3 %;38,2 %;26,8 %;22,2 %;33,3 %
Norges miljø- og biovitenskapelige universitet;192 468;Samfunnsøkonomi;Ås;Økonomisk-administrative fag;Antall kvalifiserte;584;515;666;748;757;568
Norges miljø- og biovitenskapelige universitet;192 468;Samfunnsøkonomi;Ås;Økonomisk-administrative fag;Antall tilbud;60;56;68;80;102;68
Norges teknisk-naturvitenskapelige universitet;194 239;Samfunnsøkonomi, årsstudium;Trondheim;Økonomisk-administrative fag;Alle søkere;1 288;1 105;1 122;1 134;1 170;1 189
Norges teknisk-naturvitenskapelige universitet;194 239;Samfunnsøkonomi, årsstudium;Trondheim;Økonomisk-administrative fag;Førstevalgssøkere;127;104;103;91;114;164
Norges teknisk-naturvitenskapelige universitet;194 239;Samfunnsøkonomi, årsstudium;Trondheim;Økonomisk-administrative fag;Studieplasser;50;50;50;50;50;50
Norges teknisk-naturvitenskapelige universitet;194 239;Samfunnsøkonomi, årsstudium;Trondheim;Økonomisk-administrative fag;Førstevalgssøkere (kvinner);28,3 %;33,7 %;41,7 %;46,2 %;36,8 %;40,9 %
Norges teknisk-naturvitenskapelige universitet;194 239;Samfunnsøkonomi, årsstudium;Trondheim;Økonomisk-administrative fag;Antall kvalifiserte;1 261;1 084;1 097;1 109;1 151;1 169
Norges teknisk-naturvitenskapelige universitet;194 239;Samfunnsøkonomi, årsstudium;Trondheim;Økonomisk-administrative fag;Antall tilbud;140;110;104;112;100;104
Norges teknisk-naturvitenskapelige universitet;194 818;Samfunnsøkonomi, master;Trondheim;Økonomisk-administrative fag;Alle søkere;736;706;776;767;900;944
Norges teknisk-naturvitenskapelige universitet;194 818;Samfunnsøkonomi, master;Trondheim;Økonomisk-administrative fag;Førstevalgssøkere;63;42;53;37;48;71
Norges teknisk-naturvitenskapelige universitet;194 818;Samfunnsøkonomi, master;Trondheim;Økonomisk-administrative fag;Studieplasser;25;25;25;25;25;25
Norges teknisk-naturvitenskapelige universitet;194 818;Samfunnsøkonomi, master;Trondheim;Økonomisk-administrative fag;Førstevalgssøkere (kvinner);44,4 %;45,2 %;30,2 %;37,8 %;45,8 %;26,8 %
Norges teknisk-naturvitenskapelige universitet;194 818;Samfunnsøkonomi, master;Trondheim;Økonomisk-administrative fag;Antall kvalifiserte;591;592;657;664;774;802
Norges teknisk-naturvitenskapelige universitet;194 818;Samfunnsøkonomi, master;Trondheim;Økonomisk-administrative fag;Antall tilbud;74;74;54;68;100;100
Norges teknisk-naturvitenskapelige universitet;194 898;Samfunnsøkonomi, bachelor;Trondheim;Økonomisk-administrative fag;Alle søkere;1 971;1 879;2 104;1 963;2 191;2 369
Norges teknisk-naturvitenskapelige universitet;194 898;Samfunnsøkonomi, bachelor;Trondheim;Økonomisk-administrative fag;Førstevalgssøkere;287;231;245;232;258;279
Norges teknisk-naturvitenskapelige universitet;194 898;Samfunnsøkonomi, bachelor;Trondheim;Økonomisk-administrative fag;Studieplasser;100;100;100;100;100;100
Norges teknisk-naturvitenskapelige universitet;194 898;Samfunnsøkonomi, bachelor;Trondheim;Økonomisk-administrative fag;Førstevalgssøkere (kvinner);36,2 %;39,4 %;35,9 %;36,6 %;36,8 %;34,8 %
Norges teknisk-naturvitenskapelige universitet;194 898;Samfunnsøkonomi, bachelor;Trondheim;Økonomisk-administrative fag;Antall kvalifiserte;1 925;1 843;2 051;1 927;2 140;2 318
Norges teknisk-naturvitenskapelige universitet;194 898;Samfunnsøkonomi, bachelor;Trondheim;Økonomisk-administrative fag;Antall tilbud;220;200;200;200;200;200
UiT Norges arktiske universitet;186 898;Samfunnsøkonomi med datavitenskap;Tromsø;Økonomisk-administrative fag;Alle søkere;464;401;314;380;299;292
UiT Norges arktiske universitet;186 898;Samfunnsøkonomi med datavitenskap;Tromsø;Økonomisk-administrative fag;Førstevalgssøkere;58;58;33;45;30;30
UiT Norges arktiske universitet;186 898;Samfunnsøkonomi med datavitenskap;Tromsø;Økonomisk-administrative fag;Studieplasser;60;60;60;60;50;50
UiT Norges arktiske universitet;186 898;Samfunnsøkonomi med datavitenskap;Tromsø;Økonomisk-administrative fag;Førstevalgssøkere (kvinner);15,5 %;20,7 %;12,1 %;26,7 %;20,0 %;13,3 %
UiT Norges arktiske universitet;186 898;Samfunnsøkonomi med datavitenskap;Tromsø;Økonomisk-administrative fag;Antall kvalifiserte;432;366;281;352;283;272
UiT Norges arktiske universitet;186 898;Samfunnsøkonomi med datavitenskap;Tromsø;Økonomisk-administrative fag;Antall tilbud;167;91;76;86;55;63
Universitetet i Bergen;184 239;Samfunnsøkonomi, årsstudium;Bergen;Økonomisk-administrative fag;Alle søkere;1 247;941;967;1 139;1 118;1 124
Universitetet i Bergen;184 239;Samfunnsøkonomi, årsstudium;Bergen;Økonomisk-administrative fag;Førstevalgssøkere;120;105;90;98;125;113
Universitetet i Bergen;184 239;Samfunnsøkonomi, årsstudium;Bergen;Økonomisk-administrative fag;Studieplasser;40;50;43;23;23;23
Universitetet i Bergen;184 239;Samfunnsøkonomi, årsstudium;Bergen;Økonomisk-administrative fag;Førstevalgssøkere (kvinner);48,3 %;51,4 %;47,8 %;46,9 %;49,6 %;39,8 %
Universitetet i Bergen;184 239;Samfunnsøkonomi, årsstudium;Bergen;Økonomisk-administrative fag;Antall kvalifiserte;1 214;924;945;1 100;1 088;1 084
Universitetet i Bergen;184 239;Samfunnsøkonomi, årsstudium;Bergen;Økonomisk-administrative fag;Antall tilbud;136;136;126;130;135;114
Universitetet i Bergen;184 369;Samfunnsøkonomi, bachelor;Bergen;Økonomisk-administrative fag;Alle søkere;2 008;1 829;1 949;2 123;2 021;2 294
Universitetet i Bergen;184 369;Samfunnsøkonomi, bachelor;Bergen;Økonomisk-administrative fag;Førstevalgssøkere;251;219;247;247;260;274
Universitetet i Bergen;184 369;Samfunnsøkonomi, bachelor;Bergen;Økonomisk-administrative fag;Studieplasser;108;113;107;101;101;101
Universitetet i Bergen;184 369;Samfunnsøkonomi, bachelor;Bergen;Økonomisk-administrative fag;Førstevalgssøkere (kvinner);36,3 %;31,5 %;41,7 %;38,9 %;31,5 %;40,1 %
Universitetet i Bergen;184 369;Samfunnsøkonomi, bachelor;Bergen;Økonomisk-administrative fag;Antall kvalifiserte;1 788;1 659;1 702;1 896;1 776;2 034
Universitetet i Bergen;184 369;Samfunnsøkonomi, bachelor;Bergen;Økonomisk-administrative fag;Antall tilbud;266;281;261;246;247;242
Universitetet i Bergen;184 698;Samfunnsøkonomi, master;Bergen;Økonomisk-administrative fag;Alle søkere;707;665;670;725;692;681
Universitetet i Bergen;184 698;Samfunnsøkonomi, master;Bergen;Økonomisk-administrative fag;Førstevalgssøkere;60;41;45;53;51;47
Universitetet i Bergen;184 698;Samfunnsøkonomi, master;Bergen;Økonomisk-administrative fag;Studieplasser;22;22;22;22;22;22
Universitetet i Bergen;184 698;Samfunnsøkonomi, master;Bergen;Økonomisk-administrative fag;Førstevalgssøkere (kvinner);35,0 %;34,1 %;42,2 %;39,6 %;47,1 %;48,9 %
Universitetet i Bergen;184 698;Samfunnsøkonomi, master;Bergen;Økonomisk-administrative fag;Antall kvalifiserte;595;578;573;605;575;554
Universitetet i Bergen;184 698;Samfunnsøkonomi, master;Bergen;Økonomisk-administrative fag;Antall tilbud;72;75;76;70;69;57
Universitetet i Oslo;185 239;Samfunnsøkonomi, årsstudium;Oslo;Økonomisk-administrative fag;Alle søkere;1 298;1 126;1 211;1 286;1 408;1 276
Universitetet i Oslo;185 239;Samfunnsøkonomi, årsstudium;Oslo;Økonomisk-administrative fag;Førstevalgssøkere;169;129;131;184;237;176
Universitetet i Oslo;185 239;Samfunnsøkonomi, årsstudium;Oslo;Økonomisk-administrative fag;Studieplasser;50;50;40;40;40;40
Universitetet i Oslo;185 239;Samfunnsøkonomi, årsstudium;Oslo;Økonomisk-administrative fag;Førstevalgssøkere (kvinner);49,1 %;53,5 %;47,3 %;41,3 %;48,9 %;53,4 %
Universitetet i Oslo;185 239;Samfunnsøkonomi, årsstudium;Oslo;Økonomisk-administrative fag;Antall kvalifiserte;1 269;1 098;1 156;1 238;1 374;1 243
Universitetet i Oslo;185 239;Samfunnsøkonomi, årsstudium;Oslo;Økonomisk-administrative fag;Antall tilbud;130;130;120;109;112;110
Universitetet i Oslo;185 698;Samfunnsøkonomisk analyse;Oslo;Økonomisk-administrative fag;Alle søkere;610;489;485;558;540;492
Universitetet i Oslo;185 698;Samfunnsøkonomisk analyse;Oslo;Økonomisk-administrative fag;Førstevalgssøkere;114;93;76;85;93;72
Universitetet i Oslo;185 698;Samfunnsøkonomisk analyse;Oslo;Økonomisk-administrative fag;Studieplasser;52;52;39;39;38;38
Universitetet i Oslo;185 698;Samfunnsøkonomisk analyse;Oslo;Økonomisk-administrative fag;Førstevalgssøkere (kvinner);43,0 %;46,2 %;46,1 %;48,2 %;40,9 %;43,1 %
Universitetet i Oslo;185 698;Samfunnsøkonomisk analyse;Oslo;Økonomisk-administrative fag;Antall kvalifiserte;496;391;392;453;436;405
Universitetet i Oslo;185 698;Samfunnsøkonomisk analyse;Oslo;Økonomisk-administrative fag;Antall tilbud;100;100;81;84;80;75
Universitetet i Oslo;185 898;Samfunnsøkonomi, bachelor;Oslo;Økonomisk-administrative fag;Alle søkere;1 732;1 884;2 093;2 004;1 793;1 639
Universitetet i Oslo;185 898;Samfunnsøkonomi, bachelor;Oslo;Økonomisk-administrative fag;Førstevalgssøkere;224;249;237;255;270;218
Universitetet i Oslo;185 898;Samfunnsøkonomi, bachelor;Oslo;Økonomisk-administrative fag;Studieplasser;100;95;82;82;82;82
Universitetet i Oslo;185 898;Samfunnsøkonomi, bachelor;Oslo;Økonomisk-administrative fag;Førstevalgssøkere (kvinner);33,9 %;36,5 %;36,3 %;36,5 %;41,9 %;40,8 %
Universitetet i Oslo;185 898;Samfunnsøkonomi, bachelor;Oslo;Økonomisk-administrative fag;Antall kvalifiserte;1 659;1 830;1 988;1 926;1 603;1 483
Universitetet i Oslo;185 898;Samfunnsøkonomi, bachelor;Oslo;Økonomisk-administrative fag;Antall tilbud;190;190;159;150;152;155
;;;;;;;;;;;
Studiekode;Studienavn;Lærested;Studiested;Utdanningsområde og -type;Kvote;Opptaksrunde;År;Poenggrense;;;
184239;Samfunnsøkonomi, årsstudium;UIB;;ØKADM;Førstegangsvitnemålskvote;Hovedopptak;2025;47,8;;;
184239;Samfunnsøkonomi, årsstudium;UIB;;ØKADM;Førstegangsvitnemålskvote;Hovedopptak;2024;48;;;
184239;Samfunnsøkonomi, årsstudium;UIB;;ØKADM;Førstegangsvitnemålskvote;Hovedopptak;2023;48,3;;;
184239;Samfunnsøkonomi, årsstudium;UIB;;ØKADM;Førstegangsvitnemålskvote;Hovedopptak;2022;49,3;;;
184239;Samfunnsøkonomi, årsstudium;UIB;;ØKADM;Førstegangsvitnemålskvote;Hovedopptak;2021;49,3;;;
184239;Samfunnsøkonomi, årsstudium;UIB;;ØKADM;Ordinær kvote;Hovedopptak;2025;54,2;;;
184239;Samfunnsøkonomi, årsstudium;UIB;;ØKADM;Ordinær kvote;Hovedopptak;2024;53;;;
184239;Samfunnsøkonomi, årsstudium;UIB;;ØKADM;Ordinær kvote;Hovedopptak;2023;52,8;;;
184239;Samfunnsøkonomi, årsstudium;UIB;;ØKADM;Ordinær kvote;Hovedopptak;2022;52,7;;;
184239;Samfunnsøkonomi, årsstudium;UIB;;ØKADM;Ordinær kvote;Hovedopptak;2021;53,8;;;
184239;Samfunnsøkonomi, årsstudium;UIB;Bergen;ØKADM;Førstegangsvitnemålskvote;Hovedopptak;2026;47,3;;;
184239;Samfunnsøkonomi, årsstudium;UIB;Bergen;ØKADM;Ordinær kvote;Hovedopptak;2026;55;;;
184369;Samfunnsøkonomi, bachelor;UIB;;ØKADM;Førstegangsvitnemålskvote;Hovedopptak;2025;49,1;;;
184369;Samfunnsøkonomi, bachelor;UIB;;ØKADM;Førstegangsvitnemålskvote;Hovedopptak;2024;49;;;
184369;Samfunnsøkonomi, bachelor;UIB;;ØKADM;Førstegangsvitnemålskvote;Hovedopptak;2023;48,3;;;
184369;Samfunnsøkonomi, bachelor;UIB;;ØKADM;Førstegangsvitnemålskvote;Hovedopptak;2022;47,7;;;
184369;Samfunnsøkonomi, bachelor;UIB;;ØKADM;Førstegangsvitnemålskvote;Hovedopptak;2021;47,2;;;
184369;Samfunnsøkonomi, bachelor;UIB;;ØKADM;Ordinær kvote;Hovedopptak;2025;52,4;;;
184369;Samfunnsøkonomi, bachelor;UIB;;ØKADM;Ordinær kvote;Hovedopptak;2024;51,8;;;
184369;Samfunnsøkonomi, bachelor;UIB;;ØKADM;Ordinær kvote;Hovedopptak;2023;50,5;;;
184369;Samfunnsøkonomi, bachelor;UIB;;ØKADM;Ordinær kvote;Hovedopptak;2022;49,4;;;
184369;Samfunnsøkonomi, bachelor;UIB;;ØKADM;Ordinær kvote;Hovedopptak;2021;49,7;;;
184369;Samfunnsøkonomi, bachelor;UIB;Bergen;ØKADM;Førstegangsvitnemålskvote;Hovedopptak;2026;49,8;;;
184369;Samfunnsøkonomi, bachelor;UIB;Bergen;ØKADM;Ordinær kvote;Hovedopptak;2026;53,1;;;
184698;Samfunnsøkonomi, master;UIB;;ØKADM;Førstegangsvitnemålskvote;Hovedopptak;2025;51,4;;;
184698;Samfunnsøkonomi, master;UIB;;ØKADM;Førstegangsvitnemålskvote;Hovedopptak;2024;50,1;;;
184698;Samfunnsøkonomi, master;UIB;;ØKADM;Førstegangsvitnemålskvote;Hovedopptak;2023;50,9;;;
184698;Samfunnsøkonomi, master;UIB;;ØKADM;Førstegangsvitnemålskvote;Hovedopptak;2022;50,7;;;
184698;Samfunnsøkonomi, master;UIB;;ØKADM;Førstegangsvitnemålskvote;Hovedopptak;2021;49,8;;;
184698;Samfunnsøkonomi, master;UIB;;ØKADM;Ordinær kvote;Hovedopptak;2025;53,1;;;
184698;Samfunnsøkonomi, master;UIB;;ØKADM;Ordinær kvote;Hovedopptak;2024;53,5;;;
184698;Samfunnsøkonomi, master;UIB;;ØKADM;Ordinær kvote;Hovedopptak;2023;53,9;;;
184698;Samfunnsøkonomi, master;UIB;;ØKADM;Ordinær kvote;Hovedopptak;2022;52,5;;;
184698;Samfunnsøkonomi, master;UIB;;ØKADM;Ordinær kvote;Hovedopptak;2021;53,3;;;
184698;Samfunnsøkonomi, master;UIB;Bergen;ØKADM;Førstegangsvitnemålskvote;Hovedopptak;2026;50,4;;;
184698;Samfunnsøkonomi, master;UIB;Bergen;ØKADM;Ordinær kvote;Hovedopptak;2026;53,2;;;
185239;Samfunnsøkonomi, årsstudium;UIO;;ØKADM;Førstegangsvitnemålskvote;Hovedopptak;2025;48,1;;;
185239;Samfunnsøkonomi, årsstudium;UIO;;ØKADM;Førstegangsvitnemålskvote;Hovedopptak;2024;47;;;
185239;Samfunnsøkonomi, årsstudium;UIO;;ØKADM;Førstegangsvitnemålskvote;Hovedopptak;2023;47,2;;;
185239;Samfunnsøkonomi, årsstudium;UIO;;ØKADM;Førstegangsvitnemålskvote;Hovedopptak;2022;46,8;;;
185239;Samfunnsøkonomi, årsstudium;UIO;;ØKADM;Førstegangsvitnemålskvote;Hovedopptak;2021;48,5;;;
185239;Samfunnsøkonomi, årsstudium;UIO;;ØKADM;Ordinær kvote;Hovedopptak;2025;63,5;;;
185239;Samfunnsøkonomi, årsstudium;UIO;;ØKADM;Ordinær kvote;Hovedopptak;2024;61,1;;;
185239;Samfunnsøkonomi, årsstudium;UIO;;ØKADM;Ordinær kvote;Hovedopptak;2023;59;;;
185239;Samfunnsøkonomi, årsstudium;UIO;;ØKADM;Ordinær kvote;Hovedopptak;2022;58,1;;;
185239;Samfunnsøkonomi, årsstudium;UIO;;ØKADM;Ordinær kvote;Hovedopptak;2021;58,6;;;
185239;Samfunnsøkonomi, årsstudium;UIO;Oslo;ØKADM;Førstegangsvitnemålskvote;Hovedopptak;2026;46,5;;;
185239;Samfunnsøkonomi, årsstudium;UIO;Oslo;ØKADM;Ordinær kvote;Hovedopptak;2026;63,2;;;
185698;Samfunnsøkonomisk analyse;UIO;;ØKADM;Førstegangsvitnemålskvote;Hovedopptak;2025;46,1;;;
185698;Samfunnsøkonomisk analyse;UIO;;ØKADM;Førstegangsvitnemålskvote;Hovedopptak;2024;45,4;;;
185698;Samfunnsøkonomisk analyse;UIO;;ØKADM;Førstegangsvitnemålskvote;Hovedopptak;2023;43,5;;;
185698;Samfunnsøkonomisk analyse;UIO;;ØKADM;Førstegangsvitnemålskvote;Hovedopptak;2022;42,3;;;
185698;Samfunnsøkonomisk analyse;UIO;;ØKADM;Førstegangsvitnemålskvote;Hovedopptak;2021;45,7;;;
185698;Samfunnsøkonomisk analyse;UIO;;ØKADM;Ordinær kvote;Hovedopptak;2025;57,5;;;
185698;Samfunnsøkonomisk analyse;UIO;;ØKADM;Ordinær kvote;Hovedopptak;2024;57,4;;;
185698;Samfunnsøkonomisk analyse;UIO;;ØKADM;Ordinær kvote;Hovedopptak;2023;54,5;;;
185698;Samfunnsøkonomisk analyse;UIO;;ØKADM;Ordinær kvote;Hovedopptak;2022;52,6;;;
185698;Samfunnsøkonomisk analyse;UIO;;ØKADM;Ordinær kvote;Hovedopptak;2021;55,5;;;
185698;Samfunnsøkonomisk analyse;UIO;Oslo;ØKADM;Førstegangsvitnemålskvote;Hovedopptak;2026;45,7;;;
185698;Samfunnsøkonomisk analyse;UIO;Oslo;ØKADM;Ordinær kvote;Hovedopptak;2026;57,6;;;
185898;Samfunnsøkonomi, bachelor;UIO;;ØKADM;Førstegangsvitnemålskvote;Hovedopptak;2025;50,3;;;
185898;Samfunnsøkonomi, bachelor;UIO;;ØKADM;Førstegangsvitnemålskvote;Hovedopptak;2024;50;;;
185898;Samfunnsøkonomi, bachelor;UIO;;ØKADM;Førstegangsvitnemålskvote;Hovedopptak;2023;50;;;
185898;Samfunnsøkonomi, bachelor;UIO;;ØKADM;Førstegangsvitnemålskvote;Hovedopptak;2022;49,5;;;
185898;Samfunnsøkonomi, bachelor;UIO;;ØKADM;Førstegangsvitnemålskvote;Hovedopptak;2021;48,7;;;
185898;Samfunnsøkonomi, bachelor;UIO;;ØKADM;Ordinær kvote;Hovedopptak;2025;60,5;;;
185898;Samfunnsøkonomi, bachelor;UIO;;ØKADM;Ordinær kvote;Hovedopptak;2024;60,5;;;
185898;Samfunnsøkonomi, bachelor;UIO;;ØKADM;Ordinær kvote;Hovedopptak;2023;57,1;;;
185898;Samfunnsøkonomi, bachelor;UIO;;ØKADM;Ordinær kvote;Hovedopptak;2022;54,8;;;
185898;Samfunnsøkonomi, bachelor;UIO;;ØKADM;Ordinær kvote;Hovedopptak;2021;56,5;;;
185898;Samfunnsøkonomi, bachelor;UIO;Oslo;ØKADM;Førstegangsvitnemålskvote;Hovedopptak;2026;50,5;;;
185898;Samfunnsøkonomi, bachelor;UIO;Oslo;ØKADM;Ordinær kvote;Hovedopptak;2026;61,1;;;
186898;Samfunnsøkonomi med datavitenskap;UIT;;ØKADM;Førstegangsvitnemålskvote;Hovedopptak;2025;0;;;
186898;Samfunnsøkonomi med datavitenskap;UIT;;ØKADM;Førstegangsvitnemålskvote;Hovedopptak;2024;0;;;
186898;Samfunnsøkonomi med datavitenskap;UIT;;ØKADM;Førstegangsvitnemålskvote;Hovedopptak;2023;0;;;
186898;Samfunnsøkonomi med datavitenskap;UIT;;ØKADM;Førstegangsvitnemålskvote;Hovedopptak;2022;0;;;
186898;Samfunnsøkonomi med datavitenskap;UIT;;ØKADM;Førstegangsvitnemålskvote;Hovedopptak;2021;0;;;
186898;Samfunnsøkonomi med datavitenskap;UIT;;ØKADM;Ordinær kvote;Hovedopptak;2025;0;;;
186898;Samfunnsøkonomi med datavitenskap;UIT;;ØKADM;Ordinær kvote;Hovedopptak;2024;0;;;
186898;Samfunnsøkonomi med datavitenskap;UIT;;ØKADM;Ordinær kvote;Hovedopptak;2023;0;;;
186898;Samfunnsøkonomi med datavitenskap;UIT;;ØKADM;Ordinær kvote;Hovedopptak;2022;0;;;
186898;Samfunnsøkonomi med datavitenskap;UIT;;ØKADM;Ordinær kvote;Hovedopptak;2021;0;;;
186898;Samfunnsøkonomi med datavitenskap;UIT;Tromsø;ØKADM;Førstegangsvitnemålskvote;Hovedopptak;2026;0;;;
186898;Samfunnsøkonomi med datavitenskap;UIT;Tromsø;ØKADM;Ordinær kvote;Hovedopptak;2026;0;;;
192468;Samfunnsøkonomi;NMBU;;ØKADM;Førstegangsvitnemålskvote;Hovedopptak;2025;44,7;;;
192468;Samfunnsøkonomi;NMBU;;ØKADM;Førstegangsvitnemålskvote;Hovedopptak;2024;44,8;;;
192468;Samfunnsøkonomi;NMBU;;ØKADM;Førstegangsvitnemålskvote;Hovedopptak;2023;45,2;;;
192468;Samfunnsøkonomi;NMBU;;ØKADM;Førstegangsvitnemålskvote;Hovedopptak;2022;44,2;;;
192468;Samfunnsøkonomi;NMBU;;ØKADM;Førstegangsvitnemålskvote;Hovedopptak;2021;43,1;;;
192468;Samfunnsøkonomi;NMBU;;ØKADM;Ordinær kvote;Hovedopptak;2025;47,5;;;
192468;Samfunnsøkonomi;NMBU;;ØKADM;Ordinær kvote;Hovedopptak;2024;48;;;
192468;Samfunnsøkonomi;NMBU;;ØKADM;Ordinær kvote;Hovedopptak;2023;48,4;;;
192468;Samfunnsøkonomi;NMBU;;ØKADM;Ordinær kvote;Hovedopptak;2022;48,8;;;
192468;Samfunnsøkonomi;NMBU;;ØKADM;Ordinær kvote;Hovedopptak;2021;52,3;;;
192468;Samfunnsøkonomi;NMBU;Ås;ØKADM;Førstegangsvitnemålskvote;Hovedopptak;2026;45,9;;;
192468;Samfunnsøkonomi;NMBU;Ås;ØKADM;Ordinær kvote;Hovedopptak;2026;48,4;;;
194239;Samfunnsøkonomi, årsstudium;NTNU;;ØKADM;Førstegangsvitnemålskvote;Hovedopptak;2025;48,9;;;
194239;Samfunnsøkonomi, årsstudium;NTNU;;ØKADM;Førstegangsvitnemålskvote;Hovedopptak;2024;48,8;;;
194239;Samfunnsøkonomi, årsstudium;NTNU;;ØKADM;Førstegangsvitnemålskvote;Hovedopptak;2023;48,8;;;
194239;Samfunnsøkonomi, årsstudium;NTNU;;ØKADM;Førstegangsvitnemålskvote;Hovedopptak;2022;48;;;
194239;Samfunnsøkonomi, årsstudium;NTNU;;ØKADM;Førstegangsvitnemålskvote;Hovedopptak;2021;47,9;;;
194239;Samfunnsøkonomi, årsstudium;NTNU;;ØKADM;Ordinær kvote;Hovedopptak;2025;57,3;;;
194239;Samfunnsøkonomi, årsstudium;NTNU;;ØKADM;Ordinær kvote;Hovedopptak;2024;55,7;;;
194239;Samfunnsøkonomi, årsstudium;NTNU;;ØKADM;Ordinær kvote;Hovedopptak;2023;55;;;
194239;Samfunnsøkonomi, årsstudium;NTNU;;ØKADM;Ordinær kvote;Hovedopptak;2022;53,9;;;
194239;Samfunnsøkonomi, årsstudium;NTNU;;ØKADM;Ordinær kvote;Hovedopptak;2021;53,6;;;
194239;Samfunnsøkonomi, årsstudium;NTNU;Trondheim;ØKADM;Førstegangsvitnemålskvote;Hovedopptak;2026;49,2;;;
194239;Samfunnsøkonomi, årsstudium;NTNU;Trondheim;ØKADM;Ordinær kvote;Hovedopptak;2026;61,5;;;
194818;Samfunnsøkonomi, master;NTNU;;ØKADM;Førstegangsvitnemålskvote;Hovedopptak;2025;49,8;;;
194818;Samfunnsøkonomi, master;NTNU;;ØKADM;Førstegangsvitnemålskvote;Hovedopptak;2024;51,2;;;
194818;Samfunnsøkonomi, master;NTNU;;ØKADM;Førstegangsvitnemålskvote;Hovedopptak;2023;51,9;;;
194818;Samfunnsøkonomi, master;NTNU;;ØKADM;Førstegangsvitnemålskvote;Hovedopptak;2022;49,4;;;
194818;Samfunnsøkonomi, master;NTNU;;ØKADM;Førstegangsvitnemålskvote;Hovedopptak;2021;48,4;;;
194818;Samfunnsøkonomi, master;NTNU;;ØKADM;Ordinær kvote;Hovedopptak;2025;54,9;;;
194818;Samfunnsøkonomi, master;NTNU;;ØKADM;Ordinær kvote;Hovedopptak;2024;55;;;
194818;Samfunnsøkonomi, master;NTNU;;ØKADM;Ordinær kvote;Hovedopptak;2023;54,5;;;
194818;Samfunnsøkonomi, master;NTNU;;ØKADM;Ordinær kvote;Hovedopptak;2022;51,6;;;
194818;Samfunnsøkonomi, master;NTNU;;ØKADM;Ordinær kvote;Hovedopptak;2021;50,7;;;
194818;Samfunnsøkonomi, master;NTNU;Trondheim;ØKADM;Førstegangsvitnemålskvote;Hovedopptak;2026;50,2;;;
194818;Samfunnsøkonomi, master;NTNU;Trondheim;ØKADM;Ordinær kvote;Hovedopptak;2026;53,9;;;
194898;Samfunnsøkonomi, bachelor;NTNU;;ØKADM;Førstegangsvitnemålskvote;Hovedopptak;2025;50,4;;;
194898;Samfunnsøkonomi, bachelor;NTNU;;ØKADM;Førstegangsvitnemålskvote;Hovedopptak;2024;50;;;
194898;Samfunnsøkonomi, bachelor;NTNU;;ØKADM;Førstegangsvitnemålskvote;Hovedopptak;2023;50;;;
194898;Samfunnsøkonomi, bachelor;NTNU;;ØKADM;Førstegangsvitnemålskvote;Hovedopptak;2022;48,8;;;
194898;Samfunnsøkonomi, bachelor;NTNU;;ØKADM;Førstegangsvitnemålskvote;Hovedopptak;2021;48;;;
194898;Samfunnsøkonomi, bachelor;NTNU;;ØKADM;Ordinær kvote;Hovedopptak;2025;57;;;
194898;Samfunnsøkonomi, bachelor;NTNU;;ØKADM;Ordinær kvote;Hovedopptak;2024;56,5;;;
194898;Samfunnsøkonomi, bachelor;NTNU;;ØKADM;Ordinær kvote;Hovedopptak;2023;55,6;;;
194898;Samfunnsøkonomi, bachelor;NTNU;;ØKADM;Ordinær kvote;Hovedopptak;2022;54,2;;;
194898;Samfunnsøkonomi, bachelor;NTNU;;ØKADM;Ordinær kvote;Hovedopptak;2021;52,6;;;
194898;Samfunnsøkonomi, bachelor;NTNU;Trondheim;ØKADM;Førstegangsvitnemålskvote;Hovedopptak;2026;50,9;;;
194898;Samfunnsøkonomi, bachelor;NTNU;Trondheim;ØKADM;Ordinær kvote;Hovedopptak;2026;56,7;;;