Studiekode;Studienavn;Lærested;Studiested;Utdanningsområde og -type;Kvote;Opptaksrunde;År;Poenggrense;2020;2021;2022;2023;2024;2025;2026;Kolonne1
186035;Økonomi og administrasjon, Harstad;UIT;;ØKADM;Førstegangsvitnemålskvote;Hovedopptak;2025;0;;;;;;0;;
186035;Økonomi og administrasjon, Harstad;UIT;;ØKADM;Førstegangsvitnemålskvote;Hovedopptak;2024;0;;;;;0;;;
186035;Økonomi og administrasjon, Harstad;UIT;;ØKADM;Førstegangsvitnemålskvote;Hovedopptak;2023;0;;;;0;;;;
186035;Økonomi og administrasjon, Harstad;UIT;;ØKADM;Førstegangsvitnemålskvote;Hovedopptak;2022;0;;;0;;;;;
186035;Økonomi og administrasjon, Harstad;UIT;;ØKADM;Førstegangsvitnemålskvote;Hovedopptak;2021;0;;0;;;;;;
186035;Økonomi og administrasjon, Harstad;UIT;;ØKADM;Førstegangsvitnemålskvote;Hovedopptak;2020;0;0;;;;;;;
186035;Økonomi og administrasjon, Harstad;UIT;;ØKADM;Ordinær kvote;Hovedopptak;2025;0;;;;;;0;;
186035;Økonomi og administrasjon, Harstad;UIT;;ØKADM;Ordinær kvote;Hovedopptak;2024;0;;;;;0;;;
186035;Økonomi og administrasjon, Harstad;UIT;;ØKADM;Ordinær kvote;Hovedopptak;2023;0;;;;0;;;;
186035;Økonomi og administrasjon, Harstad;UIT;;ØKADM;Ordinær kvote;Hovedopptak;2022;0;;;0;;;;;
186035;Økonomi og administrasjon, Harstad;UIT;;ØKADM;Ordinær kvote;Hovedopptak;2021;0;;0;;;;;;
186035;Økonomi og administrasjon, Harstad;UIT;;ØKADM;Ordinær kvote;Hovedopptak;2020;0;0;;;;;;;
186035;Økonomi og administrasjon, Harstad;UIT;Harstad;ØKADM;Førstegangsvitnemålskvote;Hovedopptak;2026;0;;;;;;;0;
186035;Økonomi og administrasjon, Harstad;UIT;Harstad;ØKADM;Ordinær kvote;Hovedopptak;2026;0;;;;;;;0;
186369;Økonomi og administrasjon, Tromsø;UIT;;ØKADM;Førstegangsvitnemålskvote;Hovedopptak;2025;39,1;;;;;;39,1;;
186369;Økonomi og administrasjon, Tromsø;UIT;;ØKADM;Førstegangsvitnemålskvote;Hovedopptak;2024;38,5;;;;;38,5;;;
186369;Økonomi og administrasjon, Tromsø;UIT;;ØKADM;Førstegangsvitnemålskvote;Hovedopptak;2023;42,3;;;;42,3;;;;
186369;Økonomi og administrasjon, Tromsø;UIT;;ØKADM;Førstegangsvitnemålskvote;Hovedopptak;2022;35,9;;;35,9;;;;;
186369;Økonomi og administrasjon, Tromsø;UIT;;ØKADM;Førstegangsvitnemålskvote;Hovedopptak;2021;41,5;;41,5;;;;;;
186369;Økonomi og administrasjon, Tromsø;UIT;;ØKADM;Førstegangsvitnemålskvote;Hovedopptak;2020;40;40;;;;;;;
186369;Økonomi og administrasjon, Tromsø;UIT;;ØKADM;Ordinær kvote;Hovedopptak;2025;36;;;;;;36;;
186369;Økonomi og administrasjon, Tromsø;UIT;;ØKADM;Ordinær kvote;Hovedopptak;2024;38,5;;;;;38,5;;;
186369;Økonomi og administrasjon, Tromsø;UIT;;ØKADM;Ordinær kvote;Hovedopptak;2023;42,7;;;;42,7;;;;
186369;Økonomi og administrasjon, Tromsø;UIT;;ØKADM;Ordinær kvote;Hovedopptak;2022;37,7;;;37,7;;;;;
186369;Økonomi og administrasjon, Tromsø;UIT;;ØKADM;Ordinær kvote;Hovedopptak;2021;45,5;;45,5;;;;;;
186369;Økonomi og administrasjon, Tromsø;UIT;;ØKADM;Ordinær kvote;Hovedopptak;2020;45,7;45,7;;;;;;;
186369;Økonomi og administrasjon, Tromsø;UIT;Tromsø;ØKADM;Førstegangsvitnemålskvote;Hovedopptak;2026;40,3;;;;;;;40,3;
186369;Økonomi og administrasjon, Tromsø;UIT;Tromsø;ØKADM;Ordinær kvote;Hovedopptak;2026;38,6;;;;;;;38,6;
186468;Økonomi og administrasjon, Alta;UIT;;ØKADM;Førstegangsvitnemålskvote;Hovedopptak;2025;0;;;;;;0;;
186468;Økonomi og administrasjon, Alta;UIT;;ØKADM;Førstegangsvitnemålskvote;Hovedopptak;2024;0;;;;;0;;;
186468;Økonomi og administrasjon, Alta;UIT;;ØKADM;Førstegangsvitnemålskvote;Hovedopptak;2023;0;;;;0;;;;
186468;Økonomi og administrasjon, Alta;UIT;;ØKADM;Førstegangsvitnemålskvote;Hovedopptak;2022;0;;;0;;;;;
186468;Økonomi og administrasjon, Alta;UIT;;ØKADM;Førstegangsvitnemålskvote;Hovedopptak;2021;0;;0;;;;;;
186468;Økonomi og administrasjon, Alta;UIT;;ØKADM;Førstegangsvitnemålskvote;Hovedopptak;2020;0;0;;;;;;;
186468;Økonomi og administrasjon, Alta;UIT;;ØKADM;Ordinær kvote;Hovedopptak;2025;47;;;;;;47;;
186468;Økonomi og administrasjon, Alta;UIT;;ØKADM;Ordinær kvote;Hovedopptak;2024;50;;;;;50;;;
186468;Økonomi og administrasjon, Alta;UIT;;ØKADM;Ordinær kvote;Hovedopptak;2023;47,6;;;;47,6;;;;
186468;Økonomi og administrasjon, Alta;UIT;;ØKADM;Ordinær kvote;Hovedopptak;2022;44;;;44;;;;;
186468;Økonomi og administrasjon, Alta;UIT;;ØKADM;Ordinær kvote;Hovedopptak;2021;46,6;;46,6;;;;;;
186468;Økonomi og administrasjon, Alta;UIT;;ØKADM;Ordinær kvote;Hovedopptak;2020;0;0;;;;;;;
186468;Økonomi og administrasjon, Alta;UIT;Alta;ØKADM;Førstegangsvitnemålskvote;Hovedopptak;2026;0;;;;;;;0;
186468;Økonomi og administrasjon, Alta;UIT;Alta;ØKADM;Ordinær kvote;Hovedopptak;2026;45,8;;;;;;;45,8;
191345;Økonomi og administrasjon - siviløkonom;NHH;;ØKADM;Førstegangsvitnemålskvote;Hovedopptak;2025;55,3;;;;;;55,3;;
191345;Økonomi og administrasjon - siviløkonom;NHH;;ØKADM;Førstegangsvitnemålskvote;Hovedopptak;2024;55,2;;;;;55,2;;;
191345;Økonomi og administrasjon - siviløkonom;NHH;;ØKADM;Førstegangsvitnemålskvote;Hovedopptak;2023;55,6;;;;55,6;;;;
191345;Økonomi og administrasjon - siviløkonom;NHH;;ØKADM;Førstegangsvitnemålskvote;Hovedopptak;2022;55,4;;;55,4;;;;;
191345;Økonomi og administrasjon - siviløkonom;NHH;;ØKADM;Førstegangsvitnemålskvote;Hovedopptak;2021;54,5;;54,5;;;;;;
191345;Økonomi og administrasjon - siviløkonom;NHH;;ØKADM;Førstegangsvitnemålskvote;Hovedopptak;2020;54,6;54,6;;;;;;;
191345;Økonomi og administrasjon - siviløkonom;NHH;;ØKADM;Ordinær kvote;Hovedopptak;2025;59,9;;;;;;59,9;;
191345;Økonomi og administrasjon - siviløkonom;NHH;;ØKADM;Ordinær kvote;Hovedopptak;2024;59,6;;;;;59,6;;;
191345;Økonomi og administrasjon - siviløkonom;NHH;;ØKADM;Ordinær kvote;Hovedopptak;2023;59,5;;;;59,5;;;;
191345;Økonomi og administrasjon - siviløkonom;NHH;;ØKADM;Ordinær kvote;Hovedopptak;2022;58,9;;;58,9;;;;;
191345;Økonomi og administrasjon - siviløkonom;NHH;;ØKADM;Ordinær kvote;Hovedopptak;2021;58,3;;58,3;;;;;;
191345;Økonomi og administrasjon - siviløkonom;NHH;;ØKADM;Ordinær kvote;Hovedopptak;2020;57,8;57,8;;;;;;;
191345;Økonomi og administrasjon - siviløkonom;NHH;Bergen;ØKADM;Førstegangsvitnemålskvote;Hovedopptak;2026;54,8;;;;;;;54,8;
191345;Økonomi og administrasjon - siviløkonom;NHH;Bergen;ØKADM;Ordinær kvote;Hovedopptak;2026;59,9;;;;;;;59,9;
192369;Økonomi og administrasjon;NMBU;;ØKADM;Førstegangsvitnemålskvote;Hovedopptak;2025;46,2;;;;;;46,2;;
192369;Økonomi og administrasjon;NMBU;;ØKADM;Førstegangsvitnemålskvote;Hovedopptak;2024;45,8;;;;;45,8;;;
192369;Økonomi og administrasjon;NMBU;;ØKADM;Førstegangsvitnemålskvote;Hovedopptak;2023;46,3;;;;46,3;;;;
192369;Økonomi og administrasjon;NMBU;;ØKADM;Førstegangsvitnemålskvote;Hovedopptak;2022;44,5;;;44,5;;;;;
192369;Økonomi og administrasjon;NMBU;;ØKADM;Førstegangsvitnemålskvote;Hovedopptak;2021;44,7;;44,7;;;;;;
192369;Økonomi og administrasjon;NMBU;;ØKADM;Førstegangsvitnemålskvote;Hovedopptak;2020;44,3;44,3;;;;;;;
192369;Økonomi og administrasjon;NMBU;;ØKADM;Ordinær kvote;Hovedopptak;2025;49,5;;;;;;49,5;;
192369;Økonomi og administrasjon;NMBU;;ØKADM;Ordinær kvote;Hovedopptak;2024;48,6;;;;;48,6;;;
192369;Økonomi og administrasjon;NMBU;;ØKADM;Ordinær kvote;Hovedopptak;2023;47,7;;;;47,7;;;;
192369;Økonomi og administrasjon;NMBU;;ØKADM;Ordinær kvote;Hovedopptak;2022;49,3;;;49,3;;;;;
192369;Økonomi og administrasjon;NMBU;;ØKADM;Ordinær kvote;Hovedopptak;2021;50,8;;50,8;;;;;;
192369;Økonomi og administrasjon;NMBU;;ØKADM;Ordinær kvote;Hovedopptak;2020;49,3;49,3;;;;;;;
192369;Økonomi og administrasjon;NMBU;Ås;ØKADM;Førstegangsvitnemålskvote;Hovedopptak;2026;47,5;;;;;;;47,5;
192369;Økonomi og administrasjon;NMBU;Ås;ØKADM;Ordinær kvote;Hovedopptak;2026;50,4;;;;;;;50,4;
194035;Økonomi og administrasjon;NTNU;;ØKADM;Førstegangsvitnemålskvote;Hovedopptak;2025;53;;;;;;53;;
194035;Økonomi og administrasjon;NTNU;;ØKADM;Førstegangsvitnemålskvote;Hovedopptak;2024;52,3;;;;;52,3;;;
194035;Økonomi og administrasjon;NTNU;;ØKADM;Førstegangsvitnemålskvote;Hovedopptak;2023;52,2;;;;52,2;;;;
194035;Økonomi og administrasjon;NTNU;;ØKADM;Førstegangsvitnemålskvote;Hovedopptak;2022;51,9;;;51,9;;;;;
194035;Økonomi og administrasjon;NTNU;;ØKADM;Førstegangsvitnemålskvote;Hovedopptak;2021;51;;51;;;;;;
194035;Økonomi og administrasjon;NTNU;;ØKADM;Førstegangsvitnemålskvote;Hovedopptak;2020;50,1;50,1;;;;;;;
194035;Økonomi og administrasjon;NTNU;;ØKADM;Ordinær kvote;Hovedopptak;2025;58,2;;;;;;58,2;;
194035;Økonomi og administrasjon;NTNU;;ØKADM;Ordinær kvote;Hovedopptak;2024;57;;;;;57;;;
194035;Økonomi og administrasjon;NTNU;;ØKADM;Ordinær kvote;Hovedopptak;2023;56,1;;;;56,1;;;;
194035;Økonomi og administrasjon;NTNU;;ØKADM;Ordinær kvote;Hovedopptak;2022;55,9;;;55,9;;;;;
194035;Økonomi og administrasjon;NTNU;;ØKADM;Ordinær kvote;Hovedopptak;2021;54,3;;54,3;;;;;;
194035;Økonomi og administrasjon;NTNU;;ØKADM;Ordinær kvote;Hovedopptak;2020;53,3;53,3;;;;;;;
194035;Økonomi og administrasjon;NTNU;Trondheim;ØKADM;Førstegangsvitnemålskvote;Hovedopptak;2026;52,7;;;;;;;52,7;
194035;Økonomi og administrasjon;NTNU;Trondheim;ØKADM;Ordinær kvote;Hovedopptak;2026;58,2;;;;;;;58,2;
194218;Økonomi og administrasjon, årsstudium;NTNU;;ØKADM;Førstegangsvitnemålskvote;Hovedopptak;2024;52,3;;;;;52,3;;;
194218;Økonomi og administrasjon, årsstudium;NTNU;;ØKADM;Førstegangsvitnemålskvote;Hovedopptak;2023;53,5;;;;53,5;;;;
194218;Økonomi og administrasjon, årsstudium;NTNU;;ØKADM;Førstegangsvitnemålskvote;Hovedopptak;2022;52,7;;;52,7;;;;;
194218;Økonomi og administrasjon, årsstudium;NTNU;;ØKADM;Førstegangsvitnemålskvote;Hovedopptak;2021;53,3;;53,3;;;;;;
194218;Økonomi og administrasjon, årsstudium;NTNU;;ØKADM;Førstegangsvitnemålskvote;Hovedopptak;2020;51,5;51,5;;;;;;;
194218;Økonomi og administrasjon, årsstudium;NTNU;;ØKADM;Ordinær kvote;Hovedopptak;2024;63,2;;;;;63,2;;;
194218;Økonomi og administrasjon, årsstudium;NTNU;;ØKADM;Ordinær kvote;Hovedopptak;2023;61,3;;;;61,3;;;;
194218;Økonomi og administrasjon, årsstudium;NTNU;;ØKADM;Ordinær kvote;Hovedopptak;2022;60,8;;;60,8;;;;;
194218;Økonomi og administrasjon, årsstudium;NTNU;;ØKADM;Ordinær kvote;Hovedopptak;2021;62,6;;62,6;;;;;;
194218;Økonomi og administrasjon, årsstudium;NTNU;;ØKADM;Ordinær kvote;Hovedopptak;2020;63;63;;;;;;;
194218;Økonomi og administrasjon, årsstudium;NTNU;Trondheim;ØKADM;Førstegangsvitnemålskvote;Hovedopptak;2025;52,2;;;;;;52,2;;
194218;Økonomi og administrasjon, årsstudium;NTNU;Trondheim;ØKADM;Ordinær kvote;Hovedopptak;2025;62,7;;;;;;62,7;;
194345;Økonomi og administrasjon, siviløkonom;NTNU;;ØKADM;Førstegangsvitnemålskvote;Hovedopptak;2025;54,3;;;;;;54,3;;
194345;Økonomi og administrasjon, siviløkonom;NTNU;;ØKADM;Førstegangsvitnemålskvote;Hovedopptak;2024;53,9;;;;;53,9;;;
194345;Økonomi og administrasjon, siviløkonom;NTNU;;ØKADM;Førstegangsvitnemålskvote;Hovedopptak;2023;53,6;;;;53,6;;;;
194345;Økonomi og administrasjon, siviløkonom;NTNU;;ØKADM;Førstegangsvitnemålskvote;Hovedopptak;2022;53,5;;;53,5;;;;;
194345;Økonomi og administrasjon, siviløkonom;NTNU;;ØKADM;Ordinær kvote;Hovedopptak;2025;61,3;;;;;;61,3;;
194345;Økonomi og administrasjon, siviløkonom;NTNU;;ØKADM;Ordinær kvote;Hovedopptak;2024;60,4;;;;;60,4;;;
194345;Økonomi og administrasjon, siviløkonom;NTNU;;ØKADM;Ordinær kvote;Hovedopptak;2023;59,1;;;;59,1;;;;
194345;Økonomi og administrasjon, siviløkonom;NTNU;;ØKADM;Ordinær kvote;Hovedopptak;2022;58;;;58;;;;;
194345;Økonomi og administrasjon, siviløkonom;NTNU;Trondheim;ØKADM;Førstegangsvitnemålskvote;Hovedopptak;2026;54;;;;;;;54;
194345;Økonomi og administrasjon, siviløkonom;NTNU;Trondheim;ØKADM;Ordinær kvote;Hovedopptak;2026;60,5;;;;;;;60,5;
194515;Økonomi, administrasjon og internasjonal business;NTNU;;ØKADM;Førstegangsvitnemålskvote;Hovedopptak;2025;46,5;;;;;;46,5;;
194515;Økonomi, administrasjon og internasjonal business;NTNU;;ØKADM;Ordinær kvote;Hovedopptak;2025;49,1;;;;;;49,1;;
194515;Økonomi, administrasjon og internasjonal business;NTNU;Ålesund;ØKADM;Førstegangsvitnemålskvote;Hovedopptak;2026;47,3;;;;;;;47,3;
194515;Økonomi, administrasjon og internasjonal business;NTNU;Ålesund;ØKADM;Ordinær kvote;Hovedopptak;2026;50;;;;;;;50;
194591;Økonomi og ledelse, bachelor;NTNU;;ØKADM;Førstegangsvitnemålskvote;Hovedopptak;2025;42,1;;;;;;42,1;;
194591;Økonomi og ledelse, bachelor;NTNU;;ØKADM;Ordinær kvote;Hovedopptak;2025;41,8;;;;;;41,8;;
194591;Økonomi og ledelse, bachelor;NTNU;Gjøvik;ØKADM;Førstegangsvitnemålskvote;Hovedopptak;2026;42,2;;;;;;;42,2;
194591;Økonomi og ledelse, bachelor;NTNU;Gjøvik;ØKADM;Ordinær kvote;Hovedopptak;2026;41,5;;;;;;;41,5;
201345;Økonomi og administrasjon - siviløkonom;UIA;;ØKADM;Førstegangsvitnemålskvote;Hovedopptak;2025;45,2;;;;;;45,2;;
201345;Økonomi og administrasjon - siviløkonom;UIA;;ØKADM;Førstegangsvitnemålskvote;Hovedopptak;2024;44,8;;;;;44,8;;;
201345;Økonomi og administrasjon - siviløkonom;UIA;;ØKADM;Førstegangsvitnemålskvote;Hovedopptak;2023;45,6;;;;45,6;;;;
201345;Økonomi og administrasjon - siviløkonom;UIA;;ØKADM;Førstegangsvitnemålskvote;Hovedopptak;2022;44,7;;;44,7;;;;;
201345;Økonomi og administrasjon - siviløkonom;UIA;;ØKADM;Førstegangsvitnemålskvote;Hovedopptak;2021;46;;46;;;;;;
201345;Økonomi og administrasjon - siviløkonom;UIA;;ØKADM;Førstegangsvitnemålskvote;Hovedopptak;2020;46;46;;;;;;;
201345;Økonomi og administrasjon - siviløkonom;UIA;;ØKADM;Ordinær kvote;Hovedopptak;2025;45,9;;;;;;45,9;;
201345;Økonomi og administrasjon - siviløkonom;UIA;;ØKADM;Ordinær kvote;Hovedopptak;2024;46;;;;;46;;;
201345;Økonomi og administrasjon - siviløkonom;UIA;;ØKADM;Ordinær kvote;Hovedopptak;2023;45,6;;;;45,6;;;;
201345;Økonomi og administrasjon - siviløkonom;UIA;;ØKADM;Ordinær kvote;Hovedopptak;2022;44,2;;;44,2;;;;;
201345;Økonomi og administrasjon - siviløkonom;UIA;;ØKADM;Ordinær kvote;Hovedopptak;2021;46,5;;46,5;;;;;;
201345;Økonomi og administrasjon - siviløkonom;UIA;;ØKADM;Ordinær kvote;Hovedopptak;2020;47,2;47,2;;;;;;;
201345;Økonomi og administrasjon - siviløkonom;UIA;Kristiansand;ØKADM;Førstegangsvitnemålskvote;Hovedopptak;2026;45,6;;;;;;;45,6;
201345;Økonomi og administrasjon - siviløkonom;UIA;Kristiansand;ØKADM;Ordinær kvote;Hovedopptak;2026;46,5;;;;;;;46,5;
201369;Økonomi og administrasjon;UIA;;ØKADM;Førstegangsvitnemålskvote;Hovedopptak;2025;48,4;;;;;;48,4;;
201369;Økonomi og administrasjon;UIA;;ØKADM;Førstegangsvitnemålskvote;Hovedopptak;2024;47,8;;;;;47,8;;;
201369;Økonomi og administrasjon;UIA;;ØKADM;Førstegangsvitnemålskvote;Hovedopptak;2023;47,4;;;;47,4;;;;
201369;Økonomi og administrasjon;UIA;;ØKADM;Førstegangsvitnemålskvote;Hovedopptak;2022;46,3;;;46,3;;;;;
201369;Økonomi og administrasjon;UIA;;ØKADM;Førstegangsvitnemålskvote;Hovedopptak;2021;46,4;;46,4;;;;;;
201369;Økonomi og administrasjon;UIA;;ØKADM;Førstegangsvitnemålskvote;Hovedopptak;2020;45;45;;;;;;;
201369;Økonomi og administrasjon;UIA;;ØKADM;Ordinær kvote;Hovedopptak;2025;50;;;;;;50;;
201369;Økonomi og administrasjon;UIA;;ØKADM;Ordinær kvote;Hovedopptak;2024;50;;;;;50;;;
201369;Økonomi og administrasjon;UIA;;ØKADM;Ordinær kvote;Hovedopptak;2023;49;;;;49;;;;
201369;Økonomi og administrasjon;UIA;;ØKADM;Ordinær kvote;Hovedopptak;2022;47,2;;;47,2;;;;;
201369;Økonomi og administrasjon;UIA;;ØKADM;Ordinær kvote;Hovedopptak;2021;48;;48;;;;;;
201369;Økonomi og administrasjon;UIA;;ØKADM;Ordinær kvote;Hovedopptak;2020;47,1;47,1;;;;;;;
201369;Økonomi og administrasjon;UIA;Kristiansand;ØKADM;Førstegangsvitnemålskvote;Hovedopptak;2026;48,8;;;;;;;48,8;
201369;Økonomi og administrasjon;UIA;Kristiansand;ØKADM;Ordinær kvote;Hovedopptak;2026;50,9;;;;;;;50,9;
203369;Økonomi og administrasjon, Bergen;HVL;;ØKADM;Førstegangsvitnemålskvote;Hovedopptak;2025;51,7;;;;;;51,7;;
203369;Økonomi og administrasjon, Bergen;HVL;;ØKADM;Førstegangsvitnemålskvote;Hovedopptak;2024;50,9;;;;;50,9;;;
203369;Økonomi og administrasjon, Bergen;HVL;;ØKADM;Førstegangsvitnemålskvote;Hovedopptak;2023;51;;;;51;;;;
203369;Økonomi og administrasjon, Bergen;HVL;;ØKADM;Førstegangsvitnemålskvote;Hovedopptak;2022;49;;;49;;;;;
203369;Økonomi og administrasjon, Bergen;HVL;;ØKADM;Førstegangsvitnemålskvote;Hovedopptak;2021;48,6;;48,6;;;;;;
203369;Økonomi og administrasjon, Bergen;HVL;;ØKADM;Førstegangsvitnemålskvote;Hovedopptak;2020;47,5;47,5;;;;;;;
203369;Økonomi og administrasjon, Bergen;HVL;;ØKADM;Ordinær kvote;Hovedopptak;2025;55,8;;;;;;55,8;;
203369;Økonomi og administrasjon, Bergen;HVL;;ØKADM;Ordinær kvote;Hovedopptak;2024;54,3;;;;;54,3;;;
203369;Økonomi og administrasjon, Bergen;HVL;;ØKADM;Ordinær kvote;Hovedopptak;2023;54,4;;;;54,4;;;;
203369;Økonomi og administrasjon, Bergen;HVL;;ØKADM;Ordinær kvote;Hovedopptak;2022;52,2;;;52,2;;;;;
203369;Økonomi og administrasjon, Bergen;HVL;;ØKADM;Ordinær kvote;Hovedopptak;2021;52,6;;52,6;;;;;;
203369;Økonomi og administrasjon, Bergen;HVL;;ØKADM;Ordinær kvote;Hovedopptak;2020;50,9;50,9;;;;;;;
203369;Økonomi og administrasjon, Bergen;HVL;Bergen;ØKADM;Førstegangsvitnemålskvote;Hovedopptak;2026;51,3;;;;;;;51,3;
203369;Økonomi og administrasjon, Bergen;HVL;Bergen;ØKADM;Ordinær kvote;Hovedopptak;2026;55,8;;;;;;;55,8;
203404;Økonomi og administrasjon, Haugesund;HVL;;ØKADM;Førstegangsvitnemålskvote;Hovedopptak;2025;0;;;;;;0;;
203404;Økonomi og administrasjon, Haugesund;HVL;;ØKADM;Førstegangsvitnemålskvote;Hovedopptak;2024;0;;;;;0;;;
203404;Økonomi og administrasjon, Haugesund;HVL;;ØKADM;Førstegangsvitnemålskvote;Hovedopptak;2023;0;;;;0;;;;
203404;Økonomi og administrasjon, Haugesund;HVL;;ØKADM;Førstegangsvitnemålskvote;Hovedopptak;2022;0;;;0;;;;;
203404;Økonomi og administrasjon, Haugesund;HVL;;ØKADM;Førstegangsvitnemålskvote;Hovedopptak;2021;33;;33;;;;;;
203404;Økonomi og administrasjon, Haugesund;HVL;;ØKADM;Førstegangsvitnemålskvote;Hovedopptak;2020;32,3;32,3;;;;;;;
203404;Økonomi og administrasjon, Haugesund;HVL;;ØKADM;Ordinær kvote;Hovedopptak;2025;0;;;;;;0;;
203404;Økonomi og administrasjon, Haugesund;HVL;;ØKADM;Ordinær kvote;Hovedopptak;2024;0;;;;;0;;;
203404;Økonomi og administrasjon, Haugesund;HVL;;ØKADM;Ordinær kvote;Hovedopptak;2023;0;;;;0;;;;
203404;Økonomi og administrasjon, Haugesund;HVL;;ØKADM;Ordinær kvote;Hovedopptak;2022;0;;;0;;;;;
203404;Økonomi og administrasjon, Haugesund;HVL;;ØKADM;Ordinær kvote;Hovedopptak;2021;38,5;;38,5;;;;;;
203404;Økonomi og administrasjon, Haugesund;HVL;;ØKADM;Ordinær kvote;Hovedopptak;2020;39,5;39,5;;;;;;;
203404;Økonomi og administrasjon, Haugesund;HVL;Haugesund;ØKADM;Førstegangsvitnemålskvote;Hovedopptak;2026;33,3;;;;;;;33,3;
203404;Økonomi og administrasjon, Haugesund;HVL;Haugesund;ØKADM;Ordinær kvote;Hovedopptak;2026;28,7;;;;;;;28,7;
203515;Økonomi og administrasjon, Sogndal;HVL;;ØKADM;Førstegangsvitnemålskvote;Hovedopptak;2025;0;;;;;;0;;
203515;Økonomi og administrasjon, Sogndal;HVL;;ØKADM;Førstegangsvitnemålskvote;Hovedopptak;2024;0;;;;;0;;;
203515;Økonomi og administrasjon, Sogndal;HVL;;ØKADM;Førstegangsvitnemålskvote;Hovedopptak;2023;0;;;;0;;;;
203515;Økonomi og administrasjon, Sogndal;HVL;;ØKADM;Førstegangsvitnemålskvote;Hovedopptak;2022;0;;;0;;;;;
203515;Økonomi og administrasjon, Sogndal;HVL;;ØKADM;Førstegangsvitnemålskvote;Hovedopptak;2021;36;;36;;;;;;
203515;Økonomi og administrasjon, Sogndal;HVL;;ØKADM;Førstegangsvitnemålskvote;Hovedopptak;2020;37,5;37,5;;;;;;;
203515;Økonomi og administrasjon, Sogndal;HVL;;ØKADM;Ordinær kvote;Hovedopptak;2025;0;;;;;;0;;
203515;Økonomi og administrasjon, Sogndal;HVL;;ØKADM;Ordinær kvote;Hovedopptak;2024;0;;;;;0;;;
203515;Økonomi og administrasjon, Sogndal;HVL;;ØKADM;Ordinær kvote;Hovedopptak;2023;0;;;;0;;;;
203515;Økonomi og administrasjon, Sogndal;HVL;;ØKADM;Ordinær kvote;Hovedopptak;2022;0;;;0;;;;;
203515;Økonomi og administrasjon, Sogndal;HVL;;ØKADM;Ordinær kvote;Hovedopptak;2021;39,3;;39,3;;;;;;
203515;Økonomi og administrasjon, Sogndal;HVL;;ØKADM;Ordinær kvote;Hovedopptak;2020;38,6;38,6;;;;;;;
203515;Økonomi og administrasjon, Sogndal;HVL;Sogndal;ØKADM;Førstegangsvitnemålskvote;Hovedopptak;2026;0;;;;;;;0;
203515;Økonomi og administrasjon, Sogndal;HVL;Sogndal;ØKADM;Ordinær kvote;Hovedopptak;2026;0;;;;;;;0;
204164;Økonomi og administrasjon, Bodø, årsstudium;NORD;;ØKADM;Førstegangsvitnemålskvote;Hovedopptak;2025;0;;;;;;0;;
204164;Økonomi og administrasjon, Bodø, årsstudium;NORD;;ØKADM;Førstegangsvitnemålskvote;Hovedopptak;2024;0;;;;;0;;;
204164;Økonomi og administrasjon, Bodø, årsstudium;NORD;;ØKADM;Førstegangsvitnemålskvote;Hovedopptak;2023;0;;;;0;;;;
204164;Økonomi og administrasjon, Bodø, årsstudium;NORD;;ØKADM;Førstegangsvitnemålskvote;Hovedopptak;2022;0;;;0;;;;;
204164;Økonomi og administrasjon, Bodø, årsstudium;NORD;;ØKADM;Førstegangsvitnemålskvote;Hovedopptak;2021;0;;0;;;;;;
204164;Økonomi og administrasjon, Bodø, årsstudium;NORD;;ØKADM;Førstegangsvitnemålskvote;Hovedopptak;2020;36,4;36,4;;;;;;;
204164;Økonomi og administrasjon, Bodø, årsstudium;NORD;;ØKADM;Ordinær kvote;Hovedopptak;2025;0;;;;;;0;;
204164;Økonomi og administrasjon, Bodø, årsstudium;NORD;;ØKADM;Ordinær kvote;Hovedopptak;2024;0;;;;;0;;;
204164;Økonomi og administrasjon, Bodø, årsstudium;NORD;;ØKADM;Ordinær kvote;Hovedopptak;2023;0;;;;0;;;;
204164;Økonomi og administrasjon, Bodø, årsstudium;NORD;;ØKADM;Ordinær kvote;Hovedopptak;2022;0;;;0;;;;;
204164;Økonomi og administrasjon, Bodø, årsstudium;NORD;;ØKADM;Ordinær kvote;Hovedopptak;2021;0;;0;;;;;;
204164;Økonomi og administrasjon, Bodø, årsstudium;NORD;;ØKADM;Ordinær kvote;Hovedopptak;2020;41;41;;;;;;;
204164;Økonomi og administrasjon, Bodø, årsstudium;NORD;Bodø;ØKADM;Førstegangsvitnemålskvote;Hovedopptak;2026;0;;;;;;;0;
204164;Økonomi og administrasjon, Bodø, årsstudium;NORD;Bodø;ØKADM;Ordinær kvote;Hovedopptak;2026;0;;;;;;;0;
204342;Økonomi og administrasjon, Bodø, bachelor;NORD;;ØKADM;Førstegangsvitnemålskvote;Hovedopptak;2025;0;;;;;;0;;
204342;Økonomi og administrasjon, Bodø, bachelor;NORD;;ØKADM;Førstegangsvitnemålskvote;Hovedopptak;2024;0;;;;;0;;;
204342;Økonomi og administrasjon, Bodø, bachelor;NORD;;ØKADM;Førstegangsvitnemålskvote;Hovedopptak;2023;33,7;;;;33,7;;;;
204342;Økonomi og administrasjon, Bodø, bachelor;NORD;;ØKADM;Førstegangsvitnemålskvote;Hovedopptak;2022;34,7;;;34,7;;;;;
204342;Økonomi og administrasjon, Bodø, bachelor;NORD;;ØKADM;Førstegangsvitnemålskvote;Hovedopptak;2021;35,7;;35,7;;;;;;
204342;Økonomi og administrasjon, Bodø, bachelor;NORD;;ØKADM;Førstegangsvitnemålskvote;Hovedopptak;2020;35,7;35,7;;;;;;;
204342;Økonomi og administrasjon, Bodø, bachelor;NORD;;ØKADM;Ordinær kvote;Hovedopptak;2025;0;;;;;;0;;
204342;Økonomi og administrasjon, Bodø, bachelor;NORD;;ØKADM;Ordinær kvote;Hovedopptak;2024;0;;;;;0;;;
204342;Økonomi og administrasjon, Bodø, bachelor;NORD;;ØKADM;Ordinær kvote;Hovedopptak;2023;41,3;;;;41,3;;;;
204342;Økonomi og administrasjon, Bodø, bachelor;NORD;;ØKADM;Ordinær kvote;Hovedopptak;2022;37,8;;;37,8;;;;;
204342;Økonomi og administrasjon, Bodø, bachelor;NORD;;ØKADM;Ordinær kvote;Hovedopptak;2021;41,2;;41,2;;;;;;
204342;Økonomi og administrasjon, Bodø, bachelor;NORD;;ØKADM;Ordinær kvote;Hovedopptak;2020;42,8;42,8;;;;;;;
204342;Økonomi og administrasjon, Bodø, bachelor;NORD;Bodø;ØKADM;Førstegangsvitnemålskvote;Hovedopptak;2026;0;;;;;;;0;
204342;Økonomi og administrasjon, Bodø, bachelor;NORD;Bodø;ØKADM;Ordinær kvote;Hovedopptak;2026;0;;;;;;;0;
204345;Økonomi og administrasjon - siviløkonom;NORD;;ØKADM;Førstegangsvitnemålskvote;Hovedopptak;2025;0;;;;;;0;;
204345;Økonomi og administrasjon - siviløkonom;NORD;;ØKADM;Førstegangsvitnemålskvote;Hovedopptak;2024;36,9;;;;;36,9;;;
204345;Økonomi og administrasjon - siviløkonom;NORD;;ØKADM;Førstegangsvitnemålskvote;Hovedopptak;2023;40,5;;;;40,5;;;;
204345;Økonomi og administrasjon - siviløkonom;NORD;;ØKADM;Førstegangsvitnemålskvote;Hovedopptak;2022;40,9;;;40,9;;;;;
204345;Økonomi og administrasjon - siviløkonom;NORD;;ØKADM;Førstegangsvitnemålskvote;Hovedopptak;2021;41,6;;41,6;;;;;;
204345;Økonomi og administrasjon - siviløkonom;NORD;;ØKADM;Førstegangsvitnemålskvote;Hovedopptak;2020;38,1;38,1;;;;;;;
204345;Økonomi og administrasjon - siviløkonom;NORD;;ØKADM;Ordinær kvote;Hovedopptak;2025;0;;;;;;0;;
204345;Økonomi og administrasjon - siviløkonom;NORD;;ØKADM;Ordinær kvote;Hovedopptak;2024;43,2;;;;;43,2;;;
204345;Økonomi og administrasjon - siviløkonom;NORD;;ØKADM;Ordinær kvote;Hovedopptak;2023;40,1;;;;40,1;;;;
204345;Økonomi og administrasjon - siviløkonom;NORD;;ØKADM;Ordinær kvote;Hovedopptak;2022;39,8;;;39,8;;;;;
204345;Økonomi og administrasjon - siviløkonom;NORD;;ØKADM;Ordinær kvote;Hovedopptak;2021;44,2;;44,2;;;;;;
204345;Økonomi og administrasjon - siviløkonom;NORD;;ØKADM;Ordinær kvote;Hovedopptak;2020;44,8;44,8;;;;;;;
204345;Økonomi og administrasjon - siviløkonom;NORD;Bodø;ØKADM;Førstegangsvitnemålskvote;Hovedopptak;2026;0;;;;;;;0;
204345;Økonomi og administrasjon - siviløkonom;NORD;Bodø;ØKADM;Ordinær kvote;Hovedopptak;2026;0;;;;;;;0;
204404;Økonomi og administrasjon, Steinkjer, bachelor;NORD;;ØKADM;Førstegangsvitnemålskvote;Hovedopptak;2025;0;;;;;;0;;
204404;Økonomi og administrasjon, Steinkjer, bachelor;NORD;;ØKADM;Førstegangsvitnemålskvote;Hovedopptak;2024;0;;;;;0;;;
204404;Økonomi og administrasjon, Steinkjer, bachelor;NORD;;ØKADM;Førstegangsvitnemålskvote;Hovedopptak;2023;0;;;;0;;;;
204404;Økonomi og administrasjon, Steinkjer, bachelor;NORD;;ØKADM;Førstegangsvitnemålskvote;Hovedopptak;2022;0;;;0;;;;;
204404;Økonomi og administrasjon, Steinkjer, bachelor;NORD;;ØKADM;Førstegangsvitnemålskvote;Hovedopptak;2021;0;;0;;;;;;
204404;Økonomi og administrasjon, Steinkjer, bachelor;NORD;;ØKADM;Førstegangsvitnemålskvote;Hovedopptak;2020;0;0;;;;;;;
204404;Økonomi og administrasjon, Steinkjer, bachelor;NORD;;ØKADM;Ordinær kvote;Hovedopptak;2025;0;;;;;;0;;
204404;Økonomi og administrasjon, Steinkjer, bachelor;NORD;;ØKADM;Ordinær kvote;Hovedopptak;2024;0;;;;;0;;;
204404;Økonomi og administrasjon, Steinkjer, bachelor;NORD;;ØKADM;Ordinær kvote;Hovedopptak;2023;0;;;;0;;;;
204404;Økonomi og administrasjon, Steinkjer, bachelor;NORD;;ØKADM;Ordinær kvote;Hovedopptak;2022;38,3;;;38,3;;;;;
204404;Økonomi og administrasjon, Steinkjer, bachelor;NORD;;ØKADM;Ordinær kvote;Hovedopptak;2021;40,3;;40,3;;;;;;
204404;Økonomi og administrasjon, Steinkjer, bachelor;NORD;;ØKADM;Ordinær kvote;Hovedopptak;2020;42,5;42,5;;;;;;;
204404;Økonomi og administrasjon, Steinkjer, bachelor;NORD;Steinkjer;ØKADM;Førstegangsvitnemålskvote;Hovedopptak;2026;0;;;;;;;0;
204404;Økonomi og administrasjon, Steinkjer, bachelor;NORD;Steinkjer;ØKADM;Ordinær kvote;Hovedopptak;2026;0;;;;;;;0;
204625;Økonomi og administrasjon, Steinkjer, årsstudium;NORD;;ØKADM;Førstegangsvitnemålskvote;Hovedopptak;2025;0;;;;;;0;;
204625;Økonomi og administrasjon, Steinkjer, årsstudium;NORD;;ØKADM;Førstegangsvitnemålskvote;Hovedopptak;2024;0;;;;;0;;;
204625;Økonomi og administrasjon, Steinkjer, årsstudium;NORD;;ØKADM;Førstegangsvitnemålskvote;Hovedopptak;2023;0;;;;0;;;;
204625;Økonomi og administrasjon, Steinkjer, årsstudium;NORD;;ØKADM;Førstegangsvitnemålskvote;Hovedopptak;2022;0;;;0;;;;;
204625;Økonomi og administrasjon, Steinkjer, årsstudium;NORD;;ØKADM;Førstegangsvitnemålskvote;Hovedopptak;2021;0;;0;;;;;;
204625;Økonomi og administrasjon, Steinkjer, årsstudium;NORD;;ØKADM;Førstegangsvitnemålskvote;Hovedopptak;2020;0;0;;;;;;;
204625;Økonomi og administrasjon, Steinkjer, årsstudium;NORD;;ØKADM;Ordinær kvote;Hovedopptak;2025;0;;;;;;0;;
204625;Økonomi og administrasjon, Steinkjer, årsstudium;NORD;;ØKADM;Ordinær kvote;Hovedopptak;2024;0;;;;;0;;;
204625;Økonomi og administrasjon, Steinkjer, årsstudium;NORD;;ØKADM;Ordinær kvote;Hovedopptak;2023;0;;;;0;;;;
204625;Økonomi og administrasjon, Steinkjer, årsstudium;NORD;;ØKADM;Ordinær kvote;Hovedopptak;2022;0;;;0;;;;;
204625;Økonomi og administrasjon, Steinkjer, årsstudium;NORD;;ØKADM;Ordinær kvote;Hovedopptak;2021;0;;0;;;;;;
204625;Økonomi og administrasjon, Steinkjer, årsstudium;NORD;;ØKADM;Ordinær kvote;Hovedopptak;2020;0;0;;;;;;;
204625;Økonomi og administrasjon, Steinkjer, årsstudium;NORD;Steinkjer;ØKADM;Førstegangsvitnemålskvote;Hovedopptak;2026;0;;;;;;;0;
204625;Økonomi og administrasjon, Steinkjer, årsstudium;NORD;Steinkjer;ØKADM;Ordinær kvote;Hovedopptak;2026;0;;;;;;;0;
209035;Økonomi og administrasjon, Lillehammer, bachelor;INN;;ØKADM;Førstegangsvitnemålskvote;Hovedopptak;2025;41,9;;;;;;41,9;;
209035;Økonomi og administrasjon, Lillehammer, bachelor;INN;;ØKADM;Førstegangsvitnemålskvote;Hovedopptak;2024;41,9;;;;;41,9;;;
209035;Økonomi og administrasjon, Lillehammer, bachelor;INN;;ØKADM;Førstegangsvitnemålskvote;Hovedopptak;2023;40,5;;;;40,5;;;;
209035;Økonomi og administrasjon, Lillehammer, bachelor;INN;;ØKADM;Førstegangsvitnemålskvote;Hovedopptak;2022;39,5;;;39,5;;;;;
209035;Økonomi og administrasjon, Lillehammer, bachelor;INN;;ØKADM;Førstegangsvitnemålskvote;Hovedopptak;2021;39,6;;39,6;;;;;;
209035;Økonomi og administrasjon, Lillehammer, bachelor;INN;;ØKADM;Førstegangsvitnemålskvote;Hovedopptak;2020;38,4;38,4;;;;;;;
209035;Økonomi og administrasjon, Lillehammer, bachelor;INN;;ØKADM;Ordinær kvote;Hovedopptak;2025;41,8;;;;;;41,8;;
209035;Økonomi og administrasjon, Lillehammer, bachelor;INN;;ØKADM;Ordinær kvote;Hovedopptak;2024;42,4;;;;;42,4;;;
209035;Økonomi og administrasjon, Lillehammer, bachelor;INN;;ØKADM;Ordinær kvote;Hovedopptak;2023;40,3;;;;40,3;;;;
209035;Økonomi og administrasjon, Lillehammer, bachelor;INN;;ØKADM;Ordinær kvote;Hovedopptak;2022;40,8;;;40,8;;;;;
209035;Økonomi og administrasjon, Lillehammer, bachelor;INN;;ØKADM;Ordinær kvote;Hovedopptak;2021;42,2;;42,2;;;;;;
209035;Økonomi og administrasjon, Lillehammer, bachelor;INN;;ØKADM;Ordinær kvote;Hovedopptak;2020;42,6;42,6;;;;;;;
209035;Økonomi og administrasjon, Lillehammer, bachelor;INN;Lillehammer;ØKADM;Førstegangsvitnemålskvote;Hovedopptak;2026;43,3;;;;;;;43,3;
209035;Økonomi og administrasjon, Lillehammer, bachelor;INN;Lillehammer;ØKADM;Ordinær kvote;Hovedopptak;2026;44,6;;;;;;;44,6;
209232;Økonomi og administrasjon, Lillehammer, årsstudium;INN;;ØKADM;Førstegangsvitnemålskvote;Hovedopptak;2025;0;;;;;;0;;
209232;Økonomi og administrasjon, Lillehammer, årsstudium;INN;;ØKADM;Førstegangsvitnemålskvote;Hovedopptak;2024;41,7;;;;;41,7;;;
209232;Økonomi og administrasjon, Lillehammer, årsstudium;INN;;ØKADM;Førstegangsvitnemålskvote;Hovedopptak;2023;43;;;;43;;;;
209232;Økonomi og administrasjon, Lillehammer, årsstudium;INN;;ØKADM;Førstegangsvitnemålskvote;Hovedopptak;2022;0;;;0;;;;;
209232;Økonomi og administrasjon, Lillehammer, årsstudium;INN;;ØKADM;Førstegangsvitnemålskvote;Hovedopptak;2021;50;;50;;;;;;
209232;Økonomi og administrasjon, Lillehammer, årsstudium;INN;;ØKADM;Førstegangsvitnemålskvote;Hovedopptak;2020;48,6;48,6;;;;;;;
209232;Økonomi og administrasjon, Lillehammer, årsstudium;INN;;ØKADM;Ordinær kvote;Hovedopptak;2025;0;;;;;;0;;
209232;Økonomi og administrasjon, Lillehammer, årsstudium;INN;;ØKADM;Ordinær kvote;Hovedopptak;2024;48,3;;;;;48,3;;;
209232;Økonomi og administrasjon, Lillehammer, årsstudium;INN;;ØKADM;Ordinær kvote;Hovedopptak;2023;44,6;;;;44,6;;;;
209232;Økonomi og administrasjon, Lillehammer, årsstudium;INN;;ØKADM;Ordinær kvote;Hovedopptak;2022;0;;;0;;;;;
209232;Økonomi og administrasjon, Lillehammer, årsstudium;INN;;ØKADM;Ordinær kvote;Hovedopptak;2021;51,5;;51,5;;;;;;
209232;Økonomi og administrasjon, Lillehammer, årsstudium;INN;;ØKADM;Ordinær kvote;Hovedopptak;2020;50,9;50,9;;;;;;;
209232;Økonomi og administrasjon, Lillehammer, årsstudium;INN;Lillehammer;ØKADM;Førstegangsvitnemålskvote;Hovedopptak;2026;36,9;;;;;;;36,9;
209232;Økonomi og administrasjon, Lillehammer, årsstudium;INN;Lillehammer;ØKADM;Ordinær kvote;Hovedopptak;2026;43,7;;;;;;;43,7;
209369;Økonomi og administrasjon, Rena, bachelor;INN;;ØKADM;Førstegangsvitnemålskvote;Hovedopptak;2025;0;;;;;;0;;
209369;Økonomi og administrasjon, Rena, bachelor;INN;;ØKADM;Førstegangsvitnemålskvote;Hovedopptak;2024;0;;;;;0;;;
209369;Økonomi og administrasjon, Rena, bachelor;INN;;ØKADM;Førstegangsvitnemålskvote;Hovedopptak;2023;0;;;;0;;;;
209369;Økonomi og administrasjon, Rena, bachelor;INN;;ØKADM;Førstegangsvitnemålskvote;Hovedopptak;2022;0;;;0;;;;;
209369;Økonomi og administrasjon, Rena, bachelor;INN;;ØKADM;Førstegangsvitnemålskvote;Hovedopptak;2021;0;;0;;;;;;
209369;Økonomi og administrasjon, Rena, bachelor;INN;;ØKADM;Førstegangsvitnemålskvote;Hovedopptak;2020;0;0;;;;;;;
209369;Økonomi og administrasjon, Rena, bachelor;INN;;ØKADM;Ordinær kvote;Hovedopptak;2025;0;;;;;;0;;
209369;Økonomi og administrasjon, Rena, bachelor;INN;;ØKADM;Ordinær kvote;Hovedopptak;2024;0;;;;;0;;;
209369;Økonomi og administrasjon, Rena, bachelor;INN;;ØKADM;Ordinær kvote;Hovedopptak;2023;0;;;;0;;;;
209369;Økonomi og administrasjon, Rena, bachelor;INN;;ØKADM;Ordinær kvote;Hovedopptak;2022;0;;;0;;;;;
209369;Økonomi og administrasjon, Rena, bachelor;INN;;ØKADM;Ordinær kvote;Hovedopptak;2021;0;;0;;;;;;
209369;Økonomi og administrasjon, Rena, bachelor;INN;;ØKADM;Ordinær kvote;Hovedopptak;2020;0;0;;;;;;;
209369;Økonomi og administrasjon, Rena, bachelor;INN;Åmot;ØKADM;Førstegangsvitnemålskvote;Hovedopptak;2026;0;;;;;;;0;
209369;Økonomi og administrasjon, Rena, bachelor;INN;Åmot;ØKADM;Ordinær kvote;Hovedopptak;2026;0;;;;;;;0;
209449;Økonomi og administrasjon, Rena, bachelor, nettbasert;INN;;ØKADM;Førstegangsvitnemålskvote;Hovedopptak;2025;45,4;;;;;;45,4;;
209449;Økonomi og administrasjon, Rena, bachelor, nettbasert;INN;;ØKADM;Ordinær kvote;Hovedopptak;2025;60,8;;;;;;60,8;;
209449;Økonomi og administrasjon, Rena, bachelor, nettbasert;INN;Åmot;ØKADM;Førstegangsvitnemålskvote;Hovedopptak;2026;48,4;;;;;;;48,4;
209449;Økonomi og administrasjon, Rena, bachelor, nettbasert;INN;Åmot;ØKADM;Ordinær kvote;Hovedopptak;2026;63;;;;;;;63;
209515;Økonomi og administrasjon, deltid;INN;;ØKADM;Førstegangsvitnemålskvote;Hovedopptak;2025;0;;;;;;0;;
209515;Økonomi og administrasjon, deltid;INN;;ØKADM;Førstegangsvitnemålskvote;Hovedopptak;2024;0;;;;;0;;;
209515;Økonomi og administrasjon, deltid;INN;;ØKADM;Førstegangsvitnemålskvote;Hovedopptak;2023;0;;;;0;;;;
209515;Økonomi og administrasjon, deltid;INN;;ØKADM;Førstegangsvitnemålskvote;Hovedopptak;2022;0;;;0;;;;;
209515;Økonomi og administrasjon, deltid;INN;;ØKADM;Ordinær kvote;Hovedopptak;2025;54,5;;;;;;54,5;;
209515;Økonomi og administrasjon, deltid;INN;;ØKADM;Ordinær kvote;Hovedopptak;2024;53,9;;;;;53,9;;;
209515;Økonomi og administrasjon, deltid;INN;;ØKADM;Ordinær kvote;Hovedopptak;2023;52,5;;;;52,5;;;;
209515;Økonomi og administrasjon, deltid;INN;;ØKADM;Ordinær kvote;Hovedopptak;2022;51,5;;;51,5;;;;;
209515;Økonomi og administrasjon, deltid;INN;Åmot;ØKADM;Førstegangsvitnemålskvote;Hovedopptak;2026;0;;;;;;;0;
209515;Økonomi og administrasjon, deltid;INN;Åmot;ØKADM;Ordinær kvote;Hovedopptak;2026;53,1;;;;;;;53,1;
211369;Økonomi og administrasjon;HIM;;ØKADM;Førstegangsvitnemålskvote;Hovedopptak;2025;0;;;;;;0;;
211369;Økonomi og administrasjon;HIM;;ØKADM;Førstegangsvitnemålskvote;Hovedopptak;2024;0;;;;;0;;;
211369;Økonomi og administrasjon;HIM;;ØKADM;Førstegangsvitnemålskvote;Hovedopptak;2023;0;;;;0;;;;
211369;Økonomi og administrasjon;HIM;;ØKADM;Førstegangsvitnemålskvote;Hovedopptak;2022;0;;;0;;;;;
211369;Økonomi og administrasjon;HIM;;ØKADM;Førstegangsvitnemålskvote;Hovedopptak;2021;0;;0;;;;;;
211369;Økonomi og administrasjon;HIM;;ØKADM;Førstegangsvitnemålskvote;Hovedopptak;2020;0;0;;;;;;;
211369;Økonomi og administrasjon;HIM;;ØKADM;Ordinær kvote;Hovedopptak;2025;0;;;;;;0;;
211369;Økonomi og administrasjon;HIM;;ØKADM;Ordinær kvote;Hovedopptak;2024;0;;;;;0;;;
211369;Økonomi og administrasjon;HIM;;ØKADM;Ordinær kvote;Hovedopptak;2023;0;;;;0;;;;
211369;Økonomi og administrasjon;HIM;;ØKADM;Ordinær kvote;Hovedopptak;2022;0;;;0;;;;;
211369;Økonomi og administrasjon;HIM;;ØKADM;Ordinær kvote;Hovedopptak;2021;0;;0;;;;;;
211369;Økonomi og administrasjon;HIM;;ØKADM;Ordinær kvote;Hovedopptak;2020;0;0;;;;;;;
211369;Økonomi og administrasjon;HIM;Molde;ØKADM;Førstegangsvitnemålskvote;Hovedopptak;2026;0;;;;;;;0;
211369;Økonomi og administrasjon;HIM;Molde;ØKADM;Ordinær kvote;Hovedopptak;2026;0;;;;;;;0;
215345;Økonomi og administrasjon - siviløkonom;OSLOMET;;ØKADM;Førstegangsvitnemålskvote;Hovedopptak;2025;49,3;;;;;;49,3;;
215345;Økonomi og administrasjon - siviløkonom;OSLOMET;;ØKADM;Førstegangsvitnemålskvote;Hovedopptak;2024;50,3;;;;;50,3;;;
215345;Økonomi og administrasjon - siviløkonom;OSLOMET;;ØKADM;Førstegangsvitnemålskvote;Hovedopptak;2023;50,9;;;;50,9;;;;
215345;Økonomi og administrasjon - siviløkonom;OSLOMET;;ØKADM;Ordinær kvote;Hovedopptak;2025;55,2;;;;;;55,2;;
215345;Økonomi og administrasjon - siviløkonom;OSLOMET;;ØKADM;Ordinær kvote;Hovedopptak;2024;55,8;;;;;55,8;;;
215345;Økonomi og administrasjon - siviløkonom;OSLOMET;;ØKADM;Ordinær kvote;Hovedopptak;2023;55,2;;;;55,2;;;;
215345;Økonomi og administrasjon - siviløkonom;OSLOMET;Oslo;ØKADM;Førstegangsvitnemålskvote;Hovedopptak;2026;46,8;;;;;;;46,8;
215345;Økonomi og administrasjon - siviløkonom;OSLOMET;Oslo;ØKADM;Ordinær kvote;Hovedopptak;2026;51,3;;;;;;;51,3;
215369;Økonomi og administrasjon ;OSLOMET;;ØKADM;Førstegangsvitnemålskvote;Hovedopptak;2025;47,6;;;;;;47,6;;
215369;Økonomi og administrasjon ;OSLOMET;;ØKADM;Førstegangsvitnemålskvote;Hovedopptak;2024;48,3;;;;;48,3;;;
215369;Økonomi og administrasjon ;OSLOMET;;ØKADM;Førstegangsvitnemålskvote;Hovedopptak;2023;48,6;;;;48,6;;;;
215369;Økonomi og administrasjon ;OSLOMET;;ØKADM;Førstegangsvitnemålskvote;Hovedopptak;2022;49,3;;;49,3;;;;;
215369;Økonomi og administrasjon ;OSLOMET;;ØKADM;Førstegangsvitnemålskvote;Hovedopptak;2021;48,6;;48,6;;;;;;
215369;Økonomi og administrasjon ;OSLOMET;;ØKADM;Førstegangsvitnemålskvote;Hovedopptak;2020;47,9;47,9;;;;;;;
215369;Økonomi og administrasjon ;OSLOMET;;ØKADM;Ordinær kvote;Hovedopptak;2025;52,7;;;;;;52,7;;
215369;Økonomi og administrasjon ;OSLOMET;;ØKADM;Ordinær kvote;Hovedopptak;2024;52,2;;;;;52,2;;;
215369;Økonomi og administrasjon ;OSLOMET;;ØKADM;Ordinær kvote;Hovedopptak;2023;52,8;;;;52,8;;;;
215369;Økonomi og administrasjon ;OSLOMET;;ØKADM;Ordinær kvote;Hovedopptak;2022;52,3;;;52,3;;;;;
215369;Økonomi og administrasjon ;OSLOMET;;ØKADM;Ordinær kvote;Hovedopptak;2021;53,7;;53,7;;;;;;
215369;Økonomi og administrasjon ;OSLOMET;;ØKADM;Ordinær kvote;Hovedopptak;2020;53,6;53,6;;;;;;;
215369;Økonomi og administrasjon ;OSLOMET;Oslo;ØKADM;Førstegangsvitnemålskvote;Hovedopptak;2026;47,8;;;;;;;47,8;
215369;Økonomi og administrasjon ;OSLOMET;Oslo;ØKADM;Ordinær kvote;Hovedopptak;2026;52,8;;;;;;;52,8;
217369;Økonomi og administrasjon;UIS;;ØKADM;Førstegangsvitnemålskvote;Hovedopptak;2025;44,9;;;;;;44,9;;
217369;Økonomi og administrasjon;UIS;;ØKADM;Førstegangsvitnemålskvote;Hovedopptak;2024;45;;;;;45;;;
217369;Økonomi og administrasjon;UIS;;ØKADM;Førstegangsvitnemålskvote;Hovedopptak;2023;46,1;;;;46,1;;;;
217369;Økonomi og administrasjon;UIS;;ØKADM;Førstegangsvitnemålskvote;Hovedopptak;2022;43,6;;;43,6;;;;;
217369;Økonomi og administrasjon;UIS;;ØKADM;Førstegangsvitnemålskvote;Hovedopptak;2021;43,5;;43,5;;;;;;
217369;Økonomi og administrasjon;UIS;;ØKADM;Førstegangsvitnemålskvote;Hovedopptak;2020;43,2;43,2;;;;;;;
217369;Økonomi og administrasjon;UIS;;ØKADM;Ordinær kvote;Hovedopptak;2025;46,3;;;;;;46,3;;
217369;Økonomi og administrasjon;UIS;;ØKADM;Ordinær kvote;Hovedopptak;2024;46,1;;;;;46,1;;;
217369;Økonomi og administrasjon;UIS;;ØKADM;Ordinær kvote;Hovedopptak;2023;48;;;;48;;;;
217369;Økonomi og administrasjon;UIS;;ØKADM;Ordinær kvote;Hovedopptak;2022;46,5;;;46,5;;;;;
217369;Økonomi og administrasjon;UIS;;ØKADM;Ordinær kvote;Hovedopptak;2021;46,5;;46,5;;;;;;
217369;Økonomi og administrasjon;UIS;;ØKADM;Ordinær kvote;Hovedopptak;2020;46,4;46,4;;;;;;;
217369;Økonomi og administrasjon;UIS;Stavanger;ØKADM;Førstegangsvitnemålskvote;Hovedopptak;2026;46,3;;;;;;;46,3;
217369;Økonomi og administrasjon;UIS;Stavanger;ØKADM;Ordinær kvote;Hovedopptak;2026;48;;;;;;;48;
222097;Økonomi og administrasjon, Hønefoss;USN;;ØKADM;Førstegangsvitnemålskvote;Hovedopptak;2025;0;;;;;;0;;
222097;Økonomi og administrasjon, Hønefoss;USN;;ØKADM;Førstegangsvitnemålskvote;Hovedopptak;2024;0;;;;;0;;;
222097;Økonomi og administrasjon, Hønefoss;USN;;ØKADM;Ordinær kvote;Hovedopptak;2025;0;;;;;;0;;
222097;Økonomi og administrasjon, Hønefoss;USN;;ØKADM;Ordinær kvote;Hovedopptak;2024;0;;;;;0;;;
222097;Økonomi og administrasjon, Hønefoss;USN;Ringerike;ØKADM;Førstegangsvitnemålskvote;Hovedopptak;2026;0;;;;;;;0;
222097;Økonomi og administrasjon, Hønefoss;USN;Ringerike;ØKADM;Ordinær kvote;Hovedopptak;2026;0;;;;;;;0;
222164;Økonomi og administrasjon, Bø;USN;;ØKADM;Førstegangsvitnemålskvote;Hovedopptak;2025;0;;;;;;0;;
222164;Økonomi og administrasjon, Bø;USN;;ØKADM;Førstegangsvitnemålskvote;Hovedopptak;2024;0;;;;;0;;;
222164;Økonomi og administrasjon, Bø;USN;;ØKADM;Førstegangsvitnemålskvote;Hovedopptak;2020;0;0;;;;;;;
222164;Økonomi og administrasjon, Bø;USN;;ØKADM;Ordinær kvote;Hovedopptak;2025;0;;;;;;0;;
222164;Økonomi og administrasjon, Bø;USN;;ØKADM;Ordinær kvote;Hovedopptak;2024;0;;;;;0;;;
222164;Økonomi og administrasjon, Bø;USN;;ØKADM;Ordinær kvote;Hovedopptak;2020;0;0;;;;;;;
222164;Økonomi og administrasjon, Bø;USN;Midt-Telemark;ØKADM;Førstegangsvitnemålskvote;Hovedopptak;2026;0;;;;;;;0;
222164;Økonomi og administrasjon, Bø;USN;Midt-Telemark;ØKADM;Ordinær kvote;Hovedopptak;2026;0;;;;;;;0;
222218;Økonomi og administrasjon, Hallingdal;USN;;ØKADM;Førstegangsvitnemålskvote;Hovedopptak;2025;0;;;;;;0;;
222218;Økonomi og administrasjon, Hallingdal;USN;;ØKADM;Førstegangsvitnemålskvote;Hovedopptak;2024;0;;;;;0;;;
222218;Økonomi og administrasjon, Hallingdal;USN;;ØKADM;Ordinær kvote;Hovedopptak;2025;0;;;;;;0;;
222218;Økonomi og administrasjon, Hallingdal;USN;;ØKADM;Ordinær kvote;Hovedopptak;2024;0;;;;;0;;;
222218;Økonomi og administrasjon, Hallingdal;USN;Gol;ØKADM;Førstegangsvitnemålskvote;Hovedopptak;2026;0;;;;;;;0;
222218;Økonomi og administrasjon, Hallingdal;USN;Gol;ØKADM;Ordinær kvote;Hovedopptak;2026;0;;;;;;;0;
222330;Økonomi og ledelse, Drammen;USN;;ØKADM;Førstegangsvitnemålskvote;Hovedopptak;2025;40,2;;;;;;40,2;;
222330;Økonomi og ledelse, Drammen;USN;;ØKADM;Førstegangsvitnemålskvote;Hovedopptak;2024;40,1;;;;;40,1;;;
222330;Økonomi og ledelse, Drammen;USN;;ØKADM;Førstegangsvitnemålskvote;Hovedopptak;2023;41,4;;;;41,4;;;;
222330;Økonomi og ledelse, Drammen;USN;;ØKADM;Førstegangsvitnemålskvote;Hovedopptak;2022;40;;;40;;;;;
222330;Økonomi og ledelse, Drammen;USN;;ØKADM;Førstegangsvitnemålskvote;Hovedopptak;2021;42;;42;;;;;;
222330;Økonomi og ledelse, Drammen;USN;;ØKADM;Førstegangsvitnemålskvote;Hovedopptak;2020;41,7;41,7;;;;;;;
222330;Økonomi og ledelse, Drammen;USN;;ØKADM;Ordinær kvote;Hovedopptak;2025;43,7;;;;;;43,7;;
222330;Økonomi og ledelse, Drammen;USN;;ØKADM;Ordinær kvote;Hovedopptak;2024;44,5;;;;;44,5;;;
222330;Økonomi og ledelse, Drammen;USN;;ØKADM;Ordinær kvote;Hovedopptak;2023;45,5;;;;45,5;;;;
222330;Økonomi og ledelse, Drammen;USN;;ØKADM;Ordinær kvote;Hovedopptak;2022;46,6;;;46,6;;;;;
222330;Økonomi og ledelse, Drammen;USN;;ØKADM;Ordinær kvote;Hovedopptak;2021;47,2;;47,2;;;;;;
222330;Økonomi og ledelse, Drammen;USN;;ØKADM;Ordinær kvote;Hovedopptak;2020;47;47;;;;;;;
222330;Økonomi og ledelse, Drammen;USN;Drammen;ØKADM;Førstegangsvitnemålskvote;Hovedopptak;2026;40,8;;;;;;;40,8;
222330;Økonomi og ledelse, Drammen;USN;Drammen;ØKADM;Ordinær kvote;Hovedopptak;2026;46;;;;;;;46;
222345;Økonomi og administrasjon - siviløkonom;USN;;ØKADM;Førstegangsvitnemålskvote;Hovedopptak;2025;0;;;;;;0;;
222345;Økonomi og administrasjon - siviløkonom;USN;;ØKADM;Førstegangsvitnemålskvote;Hovedopptak;2024;0;;;;;0;;;
222345;Økonomi og administrasjon - siviløkonom;USN;;ØKADM;Førstegangsvitnemålskvote;Hovedopptak;2023;0;;;;0;;;;
222345;Økonomi og administrasjon - siviløkonom;USN;;ØKADM;Førstegangsvitnemålskvote;Hovedopptak;2022;0;;;0;;;;;
222345;Økonomi og administrasjon - siviløkonom;USN;;ØKADM;Førstegangsvitnemålskvote;Hovedopptak;2021;0;;0;;;;;;
222345;Økonomi og administrasjon - siviløkonom;USN;;ØKADM;Førstegangsvitnemålskvote;Hovedopptak;2020;0;0;;;;;;;
222345;Økonomi og administrasjon - siviløkonom;USN;;ØKADM;Ordinær kvote;Hovedopptak;2025;0;;;;;;0;;
222345;Økonomi og administrasjon - siviløkonom;USN;;ØKADM;Ordinær kvote;Hovedopptak;2024;0;;;;;0;;;
222345;Økonomi og administrasjon - siviløkonom;USN;;ØKADM;Ordinær kvote;Hovedopptak;2023;0;;;;0;;;;
222345;Økonomi og administrasjon - siviløkonom;USN;;ØKADM;Ordinær kvote;Hovedopptak;2022;0;;;0;;;;;
222345;Økonomi og administrasjon - siviløkonom;USN;;ØKADM;Ordinær kvote;Hovedopptak;2021;0;;0;;;;;;
222345;Økonomi og administrasjon - siviløkonom;USN;;ØKADM;Ordinær kvote;Hovedopptak;2020;0;0;;;;;;;
222345;Økonomi og administrasjon - siviløkonom;USN;Ringerike;ØKADM;Førstegangsvitnemålskvote;Hovedopptak;2026;0;;;;;;;0;
222345;Økonomi og administrasjon - siviløkonom;USN;Ringerike;ØKADM;Ordinær kvote;Hovedopptak;2026;0;;;;;;;0;
222398;Økonomi og administrasjon, deltid;USN;;ØKADM;Førstegangsvitnemålskvote;Hovedopptak;2024;0;;;;;0;;;
222398;Økonomi og administrasjon, deltid;USN;;ØKADM;Ordinær kvote;Hovedopptak;2024;0;;;;;0;;;
222398;Økonomi og administrasjon, deltid;USN;Gol;ØKADM;Førstegangsvitnemålskvote;Hovedopptak;2025;0;;;;;;0;;
222398;Økonomi og administrasjon, deltid;USN;Gol;ØKADM;Ordinær kvote;Hovedopptak;2025;0;;;;;;0;;
222625;Økonomi og administrasjon, Kongsberg;USN;;ØKADM;Førstegangsvitnemålskvote;Hovedopptak;2025;0;;;;;;0;;
222625;Økonomi og administrasjon, Kongsberg;USN;;ØKADM;Ordinær kvote;Hovedopptak;2025;0;;;;;;0;;
222625;Økonomi og administrasjon, Kongsberg;USN;Kongsberg;ØKADM;Førstegangsvitnemålskvote;Hovedopptak;2026;0;;;;;;;0;
222625;Økonomi og administrasjon, Kongsberg;USN;Kongsberg;ØKADM;Ordinær kvote;Hovedopptak;2026;0;;;;;;;0;
224035;Økonomi og administrasjon;HIØ;;ØKADM;Førstegangsvitnemålskvote;Hovedopptak;2025;0;;;;;;0;;
224035;Økonomi og administrasjon;HIØ;;ØKADM;Førstegangsvitnemålskvote;Hovedopptak;2024;0;;;;;0;;;
224035;Økonomi og administrasjon;HIØ;;ØKADM;Førstegangsvitnemålskvote;Hovedopptak;2023;36,8;;;;36,8;;;;
224035;Økonomi og administrasjon;HIØ;;ØKADM;Førstegangsvitnemålskvote;Hovedopptak;2022;36,1;;;36,1;;;;;
224035;Økonomi og administrasjon;HIØ;;ØKADM;Førstegangsvitnemålskvote;Hovedopptak;2021;37,9;;37,9;;;;;;
224035;Økonomi og administrasjon;HIØ;;ØKADM;Førstegangsvitnemålskvote;Hovedopptak;2020;35;35;;;;;;;
224035;Økonomi og administrasjon;HIØ;;ØKADM;Ordinær kvote;Hovedopptak;2025;0;;;;;;0;;
224035;Økonomi og administrasjon;HIØ;;ØKADM;Ordinær kvote;Hovedopptak;2024;0;;;;;0;;;
224035;Økonomi og administrasjon;HIØ;;ØKADM;Ordinær kvote;Hovedopptak;2023;37,7;;;;37,7;;;;
224035;Økonomi og administrasjon;HIØ;;ØKADM;Ordinær kvote;Hovedopptak;2022;38,5;;;38,5;;;;;
224035;Økonomi og administrasjon;HIØ;;ØKADM;Ordinær kvote;Hovedopptak;2021;42,2;;42,2;;;;;;
224035;Økonomi og administrasjon;HIØ;;ØKADM;Ordinær kvote;Hovedopptak;2020;41,5;41,5;;;;;;;
224035;Økonomi og administrasjon;HIØ;Halden;ØKADM;Førstegangsvitnemålskvote;Hovedopptak;2026;0;;;;;;;0;
224035;Økonomi og administrasjon;HIØ;Halden;ØKADM;Ordinær kvote;Hovedopptak;2026;0;;;;;;;0;
224369;Økonomi og administrasjon , deltid;HIØ;;ØKADM;Førstegangsvitnemålskvote;Hovedopptak;2025;0;;;;;;0;;
224369;Økonomi og administrasjon , deltid;HIØ;;ØKADM;Ordinær kvote;Hovedopptak;2025;0;;;;;;0;;
224369;Økonomi og administrasjon , deltid;HIØ;Halden;ØKADM;Førstegangsvitnemålskvote;Hovedopptak;2026;0;;;;;;;0;
224369;Økonomi og administrasjon , deltid;HIØ;Halden;ØKADM;Ordinær kvote;Hovedopptak;2026;0;;;;;;;0;
254035;Økonomi og administrasjon, Kristiansand;NLA;;ØKADM;Førstegangsvitnemålskvote;Hovedopptak;2025;36,3;;;;;;36,3;;
254035;Økonomi og administrasjon, Kristiansand;NLA;;ØKADM;Førstegangsvitnemålskvote;Hovedopptak;2024;36,3;;;;;36,3;;;
254035;Økonomi og administrasjon, Kristiansand;NLA;;ØKADM;Førstegangsvitnemålskvote;Hovedopptak;2023;38,2;;;;38,2;;;;
254035;Økonomi og administrasjon, Kristiansand;NLA;;ØKADM;Førstegangsvitnemålskvote;Hovedopptak;2022;36;;;36;;;;;
254035;Økonomi og administrasjon, Kristiansand;NLA;;ØKADM;Førstegangsvitnemålskvote;Hovedopptak;2021;38,6;;38,6;;;;;;
254035;Økonomi og administrasjon, Kristiansand;NLA;;ØKADM;Ordinær kvote;Hovedopptak;2025;30,4;;;;;;30,4;;
254035;Økonomi og administrasjon, Kristiansand;NLA;;ØKADM;Ordinær kvote;Hovedopptak;2024;32,4;;;;;32,4;;;
254035;Økonomi og administrasjon, Kristiansand;NLA;;ØKADM;Ordinær kvote;Hovedopptak;2023;36,2;;;;36,2;;;;
254035;Økonomi og administrasjon, Kristiansand;NLA;;ØKADM;Ordinær kvote;Hovedopptak;2022;33,5;;;33,5;;;;;
254035;Økonomi og administrasjon, Kristiansand;NLA;;ØKADM;Ordinær kvote;Hovedopptak;2021;38;;38;;;;;;
254035;Økonomi og administrasjon, Kristiansand;NLA;Kristiansand;ØKADM;Førstegangsvitnemålskvote;Hovedopptak;2026;36,2;;;;;;;36,2;
254035;Økonomi og administrasjon, Kristiansand;NLA;Kristiansand;ØKADM;Ordinær kvote;Hovedopptak;2026;32,5;;;;;;;32,5;
254369;Økonomi og administrasjon, Stavanger;NLA;;ØKADM;Førstegangsvitnemålskvote;Hovedopptak;2025;0;;;;;;0;;
254369;Økonomi og administrasjon, Stavanger;NLA;;ØKADM;Ordinær kvote;Hovedopptak;2025;0;;;;;;0;;
254369;Økonomi og administrasjon, Stavanger;NLA;Stavanger;ØKADM;Førstegangsvitnemålskvote;Hovedopptak;2026;0;;;;;;;0;
254369;Økonomi og administrasjon, Stavanger;NLA;Stavanger;ØKADM;Ordinær kvote;Hovedopptak;2026;0;;;;;;;0;
254470;Økonomi og administrasjon, Oslo;NLA;;ØKADM;Førstegangsvitnemålskvote;Hovedopptak;2025;39,5;;;;;;39,5;;
254470;Økonomi og administrasjon, Oslo;NLA;;ØKADM;Førstegangsvitnemålskvote;Hovedopptak;2024;40,7;;;;;40,7;;;
254470;Økonomi og administrasjon, Oslo;NLA;;ØKADM;Førstegangsvitnemålskvote;Hovedopptak;2023;42,1;;;;42,1;;;;
254470;Økonomi og administrasjon, Oslo;NLA;;ØKADM;Førstegangsvitnemålskvote;Hovedopptak;2022;42;;;42;;;;;
254470;Økonomi og administrasjon, Oslo;NLA;;ØKADM;Førstegangsvitnemålskvote;Hovedopptak;2021;42,6;;42,6;;;;;;
254470;Økonomi og administrasjon, Oslo;NLA;;ØKADM;Førstegangsvitnemålskvote;Hovedopptak;2020;41,6;41,6;;;;;;;
254470;Økonomi og administrasjon, Oslo;NLA;;ØKADM;Ordinær kvote;Hovedopptak;2025;39,5;;;;;;39,5;;
254470;Økonomi og administrasjon, Oslo;NLA;;ØKADM;Ordinær kvote;Hovedopptak;2024;41,2;;;;;41,2;;;
254470;Økonomi og administrasjon, Oslo;NLA;;ØKADM;Ordinær kvote;Hovedopptak;2023;42,1;;;;42,1;;;;
254470;Økonomi og administrasjon, Oslo;NLA;;ØKADM;Ordinær kvote;Hovedopptak;2022;44,8;;;44,8;;;;;
254470;Økonomi og administrasjon, Oslo;NLA;;ØKADM;Ordinær kvote;Hovedopptak;2021;45,8;;45,8;;;;;;
254470;Økonomi og administrasjon, Oslo;NLA;;ØKADM;Ordinær kvote;Hovedopptak;2020;46;46;;;;;;;
254470;Økonomi og administrasjon, Oslo;NLA;Oslo;ØKADM;Førstegangsvitnemålskvote;Hovedopptak;2026;38,9;;;;;;;38,9;
254470;Økonomi og administrasjon, Oslo;NLA;Oslo;ØKADM;Ordinær kvote;Hovedopptak;2026;40,4;;;;;;;40,4;
254515;Økonomi og administrasjon, Bergen;NLA;;ØKADM;Førstegangsvitnemålskvote;Hovedopptak;2025;46,8;;;;;;46,8;;
254515;Økonomi og administrasjon, Bergen;NLA;;ØKADM;Førstegangsvitnemålskvote;Hovedopptak;2024;46,4;;;;;46,4;;;
254515;Økonomi og administrasjon, Bergen;NLA;;ØKADM;Ordinær kvote;Hovedopptak;2025;48,4;;;;;;48,4;;
254515;Økonomi og administrasjon, Bergen;NLA;;ØKADM;Ordinær kvote;Hovedopptak;2024;48,2;;;;;48,2;;;
254515;Økonomi og administrasjon, Bergen;NLA;Bergen;ØKADM;Førstegangsvitnemålskvote;Hovedopptak;2026;46,4;;;;;;;46,4;
254515;Økonomi og administrasjon, Bergen;NLA;Bergen;ØKADM;Ordinær kvote;Hovedopptak;2026;47,5;;;;;;;47,5;