Emne;Studiested (kort);Studiested (fullt navn);Emnekode;Offisielt emnenavn;År;Periode;Kandidater;Karakterskala;Snittkarakter (A=5..F=0);Strykprosent;A;B;C;D;E;F;Bestått;Ikke bestått;Merknad
Finansregnskap;Kristiania;Høyskolen Kristiania (nettstudier, enkeltemne);6084;Finansregnskap;2023;helår (vår+høst slått sammen);48;A-F;2.65;12.5;7;10;12;3;10;6;;;Emnet har rullerende opptak (vår og høst hvert år er begge ordinære, sammenlignbare kull - ikke hovedgjennomføring/kontinuasjonseksamen). Vår og høst er derfor slått sammen til ett årstall per rad.
Finansregnskap;Kristiania;Høyskolen Kristiania (nettstudier, enkeltemne);6084;Finansregnskap;2024;helår (vår+høst slått sammen);71;A-F;2.59;11.3;4;16;19;19;5;8;;;Emnet har rullerende opptak (vår og høst hvert år er begge ordinære, sammenlignbare kull - ikke hovedgjennomføring/kontinuasjonseksamen). Vår og høst er derfor slått sammen til ett årstall per rad.
Finansregnskap;Kristiania;Høyskolen Kristiania (nettstudier, enkeltemne);6084;Finansregnskap;2025;helår (vår+høst slått sammen);99;A-F;2.67;14.1;13;18;27;19;8;14;;;Emnet har rullerende opptak (vår og høst hvert år er begge ordinære, sammenlignbare kull - ikke hovedgjennomføring/kontinuasjonseksamen). Vår og høst er derfor slått sammen til ett årstall per rad.
Økonomistyring;Kristiania;Høyskolen Kristiania (nettstudier, enkeltemne);6002;Økonomistyring;2023;helår (vår+høst slått sammen);49;A-F;2.78;8.2;8;10;13;3;11;4;;;Emnet har rullerende opptak (vår og høst hvert år er begge ordinære, sammenlignbare kull - ikke hovedgjennomføring/kontinuasjonseksamen). Vår og høst er derfor slått sammen til ett årstall per rad.
Økonomistyring;Kristiania;Høyskolen Kristiania (nettstudier, enkeltemne);6002;Økonomistyring;2024;helår (vår+høst slått sammen);77;A-F;2.14;24.7;10;5;20;12;11;19;;;Emnet har rullerende opptak (vår og høst hvert år er begge ordinære, sammenlignbare kull - ikke hovedgjennomføring/kontinuasjonseksamen). Vår og høst er derfor slått sammen til ett årstall per rad.
Økonomistyring;Kristiania;Høyskolen Kristiania (nettstudier, enkeltemne);6002;Økonomistyring;2025;helår (vår+høst slått sammen);98;A-F;2.54;13.3;9;15;30;23;8;13;;;Emnet har rullerende opptak (vår og høst hvert år er begge ordinære, sammenlignbare kull - ikke hovedgjennomføring/kontinuasjonseksamen). Vår og høst er derfor slått sammen til ett årstall per rad.
Investering og finansiering;Kristiania;Høyskolen Kristiania (nettstudier, enkeltemne);6004;Investering og finansiering;2023;helår (vår+høst slått sammen);64;A-F;2.77;25.0;19;8;11;7;3;16;;;Emnet har rullerende opptak (vår og høst hvert år er begge ordinære, sammenlignbare kull - ikke hovedgjennomføring/kontinuasjonseksamen). Vår og høst er derfor slått sammen til ett årstall per rad.
Investering og finansiering;Kristiania;Høyskolen Kristiania (nettstudier, enkeltemne);6004;Investering og finansiering;2024;helår (vår+høst slått sammen);80;A-F;3.14;7.5;18;23;12;12;9;6;;;Emnet har rullerende opptak (vår og høst hvert år er begge ordinære, sammenlignbare kull - ikke hovedgjennomføring/kontinuasjonseksamen). Vår og høst er derfor slått sammen til ett årstall per rad.
Investering og finansiering;Kristiania;Høyskolen Kristiania (nettstudier, enkeltemne);6004;Investering og finansiering;2025;helår (vår+høst slått sammen);115;A-F;2.44;22.6;21;19;17;17;15;26;;;Emnet har rullerende opptak (vår og høst hvert år er begge ordinære, sammenlignbare kull - ikke hovedgjennomføring/kontinuasjonseksamen). Vår og høst er derfor slått sammen til ett årstall per rad.
Markedsføring;Kristiania;Høyskolen Kristiania (nettstudier, enkeltemne);6340;Markedsføring;2023;helår (vår+høst slått sammen);185;A-F;3.17;0.0;9;53;87;33;3;0;;;Emnet har rullerende opptak (vår og høst hvert år er begge ordinære, sammenlignbare kull - ikke hovedgjennomføring/kontinuasjonseksamen). Vår og høst er derfor slått sammen til ett årstall per rad.
Markedsføring;Kristiania;Høyskolen Kristiania (nettstudier, enkeltemne);6340;Markedsføring;2024;helår (vår+høst slått sammen);129;A-F;3.19;0.0;10;36;55;25;3;0;;;Emnet har rullerende opptak (vår og høst hvert år er begge ordinære, sammenlignbare kull - ikke hovedgjennomføring/kontinuasjonseksamen). Vår og høst er derfor slått sammen til ett årstall per rad.
Markedsføring;Kristiania;Høyskolen Kristiania (nettstudier, enkeltemne);6340;Markedsføring;2025;helår (vår+høst slått sammen);122;A-F;3.51;0.0;13;40;65;4;0;0;;;Emnet har rullerende opptak (vår og høst hvert år er begge ordinære, sammenlignbare kull - ikke hovedgjennomføring/kontinuasjonseksamen). Vår og høst er derfor slått sammen til ett årstall per rad.
Organisasjon og ledelse;Kristiania;Høyskolen Kristiania (nettstudier, enkeltemne);6336;Organisasjon og ledelse;2023;helår (vår+høst slått sammen);297;A-F;3.47;1.0;41;118;87;44;4;3;;;Emnet har rullerende opptak (vår og høst hvert år er begge ordinære, sammenlignbare kull - ikke hovedgjennomføring/kontinuasjonseksamen). Vår og høst er derfor slått sammen til ett årstall per rad.
Organisasjon og ledelse;Kristiania;Høyskolen Kristiania (nettstudier, enkeltemne);6336;Organisasjon og ledelse;2024;helår (vår+høst slått sammen);305;A-F;3.31;1.0;33;94;130;33;12;3;;;Emnet har rullerende opptak (vår og høst hvert år er begge ordinære, sammenlignbare kull - ikke hovedgjennomføring/kontinuasjonseksamen). Vår og høst er derfor slått sammen til ett årstall per rad.
Organisasjon og ledelse;Kristiania;Høyskolen Kristiania (nettstudier, enkeltemne);6336;Organisasjon og ledelse;2025;helår (vår+høst slått sammen);235;A-F;3.51;0.0;32;92;77;31;3;0;;;Emnet har rullerende opptak (vår og høst hvert år er begge ordinære, sammenlignbare kull - ikke hovedgjennomføring/kontinuasjonseksamen). Vår og høst er derfor slått sammen til ett årstall per rad.
Foretaksstrategi;Kristiania;Høyskolen Kristiania (nettstudier, enkeltemne);6347;Innføring i strategi;2023;helår (vår+høst slått sammen);112;A-F;3.38;0.0;15;33;43;21;0;0;;;Emnet har rullerende opptak (vår og høst hvert år er begge ordinære, sammenlignbare kull - ikke hovedgjennomføring/kontinuasjonseksamen). Vår og høst er derfor slått sammen til ett årstall per rad.
Foretaksstrategi;Kristiania;Høyskolen Kristiania (nettstudier, enkeltemne);6347;Innføring i strategi;2024;helår (vår+høst slått sammen);89;A-F;3.63;0.0;18;32;27;12;0;0;;;Emnet har rullerende opptak (vår og høst hvert år er begge ordinære, sammenlignbare kull - ikke hovedgjennomføring/kontinuasjonseksamen). Vår og høst er derfor slått sammen til ett årstall per rad.
Foretaksstrategi;Kristiania;Høyskolen Kristiania (nettstudier, enkeltemne);6347;Innføring i strategi;2025;helår (vår+høst slått sammen);108;A-F;3.6;0.0;14;46;39;9;0;0;;;Emnet har rullerende opptak (vår og høst hvert år er begge ordinære, sammenlignbare kull - ikke hovedgjennomføring/kontinuasjonseksamen). Vår og høst er derfor slått sammen til ett årstall per rad.
Mikroøkonomi;Kristiania;Høyskolen Kristiania (nettstudier, enkeltemne);6320;Mikroøkonomi;2023;helår (vår+høst slått sammen);71;A-F;1.83;28.2;4;14;3;15;15;20;;;Emnet har rullerende opptak (vår og høst hvert år er begge ordinære, sammenlignbare kull - ikke hovedgjennomføring/kontinuasjonseksamen). Vår og høst er derfor slått sammen til ett årstall per rad.
Mikroøkonomi;Kristiania;Høyskolen Kristiania (nettstudier, enkeltemne);6320;Mikroøkonomi;2024;helår (vår+høst slått sammen);75;A-F;2.24;9.3;7;12;9;18;22;7;;;Emnet har rullerende opptak (vår og høst hvert år er begge ordinære, sammenlignbare kull - ikke hovedgjennomføring/kontinuasjonseksamen). Vår og høst er derfor slått sammen til ett årstall per rad.
Mikroøkonomi;Kristiania;Høyskolen Kristiania (nettstudier, enkeltemne);6320;Mikroøkonomi;2025;helår (vår+høst slått sammen);84;A-F;3.12;4.8;15;24;17;16;8;4;;;Emnet har rullerende opptak (vår og høst hvert år er begge ordinære, sammenlignbare kull - ikke hovedgjennomføring/kontinuasjonseksamen). Vår og høst er derfor slått sammen til ett årstall per rad.
Makroøkonomi;Kristiania;Høyskolen Kristiania (nettstudier, enkeltemne);6322;Makroøkonomi;2023;helår (vår+høst slått sammen);34;A-F;2.18;8.8;0;4;12;7;8;3;;;Emnet har rullerende opptak (vår og høst hvert år er begge ordinære, sammenlignbare kull - ikke hovedgjennomføring/kontinuasjonseksamen). Vår og høst er derfor slått sammen til ett årstall per rad.
Makroøkonomi;Kristiania;Høyskolen Kristiania (nettstudier, enkeltemne);6322;Makroøkonomi;2024;helår (vår+høst slått sammen);70;A-F;2.34;14.3;7;12;12;16;13;10;;;Emnet har rullerende opptak (vår og høst hvert år er begge ordinære, sammenlignbare kull - ikke hovedgjennomføring/kontinuasjonseksamen). Vår og høst er derfor slått sammen til ett årstall per rad.
Makroøkonomi;Kristiania;Høyskolen Kristiania (nettstudier, enkeltemne);6322;Makroøkonomi;2025;helår (vår+høst slått sammen);86;A-F;2.98;7.0;16;24;11;18;11;6;;;Emnet har rullerende opptak (vår og høst hvert år er begge ordinære, sammenlignbare kull - ikke hovedgjennomføring/kontinuasjonseksamen). Vår og høst er derfor slått sammen til ett årstall per rad.
Matematikk for økonomer;Kristiania;Høyskolen Kristiania (nettstudier, enkeltemne);6323;Matematikk for økonomer;2023;helår (vår+høst slått sammen);73;A-F;3.71;4.1;25;15;26;4;0;3;;;Emnet har rullerende opptak (vår og høst hvert år er begge ordinære, sammenlignbare kull - ikke hovedgjennomføring/kontinuasjonseksamen). Vår og høst er derfor slått sammen til ett årstall per rad.
Matematikk for økonomer;Kristiania;Høyskolen Kristiania (nettstudier, enkeltemne);6323;Matematikk for økonomer;2024;helår (vår+høst slått sammen);87;A-F;3.74;6.9;33;26;17;0;5;6;;;Emnet har rullerende opptak (vår og høst hvert år er begge ordinære, sammenlignbare kull - ikke hovedgjennomføring/kontinuasjonseksamen). Vår og høst er derfor slått sammen til ett årstall per rad.
Matematikk for økonomer;Kristiania;Høyskolen Kristiania (nettstudier, enkeltemne);6323;Matematikk for økonomer;2025;helår (vår+høst slått sammen);158;A-F;4.19;1.9;82;40;26;7;0;3;;;Emnet har rullerende opptak (vår og høst hvert år er begge ordinære, sammenlignbare kull - ikke hovedgjennomføring/kontinuasjonseksamen). Vår og høst er derfor slått sammen til ett årstall per rad.
Statistikk for økonomer;Kristiania;Høyskolen Kristiania (nettstudier, enkeltemne);6356;Statistikk for økonomer;2023;helår (vår+høst slått sammen);45;A-F;4.11;0.0;18;14;13;0;0;0;;;Emnet har rullerende opptak (vår og høst hvert år er begge ordinære, sammenlignbare kull - ikke hovedgjennomføring/kontinuasjonseksamen). Vår og høst er derfor slått sammen til ett årstall per rad.
Statistikk for økonomer;Kristiania;Høyskolen Kristiania (nettstudier, enkeltemne);6356;Statistikk for økonomer;2024;helår (vår+høst slått sammen);51;A-F;3.96;0.0;21;12;13;5;0;0;;;Emnet har rullerende opptak (vår og høst hvert år er begge ordinære, sammenlignbare kull - ikke hovedgjennomføring/kontinuasjonseksamen). Vår og høst er derfor slått sammen til ett årstall per rad.
Statistikk for økonomer;Kristiania;Høyskolen Kristiania (nettstudier, enkeltemne);6356;Statistikk for økonomer;2025;helår (vår+høst slått sammen);80;A-F;3.96;0.0;33;23;16;4;4;0;;;Emnet har rullerende opptak (vår og høst hvert år er begge ordinære, sammenlignbare kull - ikke hovedgjennomføring/kontinuasjonseksamen). Vår og høst er derfor slått sammen til ett årstall per rad.
Samfunnsvitenskapelig metode;Kristiania;Høyskolen Kristiania (nettstudier, enkeltemne);6343;Samfunnsvitenskapelig metode;2023;helår (vår+høst slått sammen);27;A-F;3.3;0.0;0;11;13;3;0;0;;;Emnet har rullerende opptak (vår og høst hvert år er begge ordinære, sammenlignbare kull - ikke hovedgjennomføring/kontinuasjonseksamen). Vår og høst er derfor slått sammen til ett årstall per rad.
Samfunnsvitenskapelig metode;Kristiania;Høyskolen Kristiania (nettstudier, enkeltemne);6343;Samfunnsvitenskapelig metode;2024;helår (vår+høst slått sammen);43;A-F;3.12;0.0;3;11;17;12;0;0;;;Emnet har rullerende opptak (vår og høst hvert år er begge ordinære, sammenlignbare kull - ikke hovedgjennomføring/kontinuasjonseksamen). Vår og høst er derfor slått sammen til ett årstall per rad.
Samfunnsvitenskapelig metode;Kristiania;Høyskolen Kristiania (nettstudier, enkeltemne);6343;Samfunnsvitenskapelig metode;2025;helår (vår+høst slått sammen);52;A-F;3.42;0.0;6;17;22;7;0;0;;;Emnet har rullerende opptak (vår og høst hvert år er begge ordinære, sammenlignbare kull - ikke hovedgjennomføring/kontinuasjonseksamen). Vår og høst er derfor slått sammen til ett årstall per rad.
