Emne,Tabell id,Tabellnavn,Gdpr,Bulk tabell,Math,Variabelliste
"Ikke tilordnet emne             ",1,API innhold,0,1,0,"Emne,Tabell id,Tabellnavn,Gdpr,Bulk tabell,Math,Variabelliste"
"Ikke tilordnet emne             ",2,API metadata,0,1,0,"Tabell id,Tabellnavn,Variabel navn,Datatype,Datalengde,Sortering,Kodefelt,Group by (forslag),Kommentar,GDPR"
Studentdata,60,Studenter fordelt på alder,1,0,1,"Institusjonskode,Avdelingskode,Årstall,Semester,Studieprogramkode,Alder,Antall totalt,Antall kvinner,Antall menn,-------------,Variabler fra studieprogrammet:,Studiumkode,Nivåkode,Andel av heltid,Studiepoeng,Prosent egenfinansiering,NUS-kode,Organisering_kode,Andel praksis,Underv.språk"
Studentdata,62,Utvekslingsavtaler,0,0,0,"Utvekslingsavtale,beskrivelse,Sort"
Studentdata,93,Finansieringskilder (doktorgrader),0,0,0,"Finansieringskildekode,finkildenavn,sortid"
Studentdata,98,Kandidater med fullført program for kunstnerisk utviklingsarbeid (PKU),0,1,0,"Institusjonskode,Årstall,Institusjonsnavn,Antall"
Doktorgradsdata,100,Samarbeid om doktorgradsutdanning,0,1,1,"Årstall,Institusjonskode (arbeidsgiver),Institusjonskode (disputas),Antall totalt"
Doktorgradsdata,101,Avlagte doktorgrader (aggregert),0,1,1,"Institusjonskode,Avdelingskode,Årstall,Semester,Kvalifikasjonskode,Studieprogramkode,Finansieringskildekode,Antall totalt,Antall kvinner,Antall menn"
Studentdata,104,Ferdige kandidater (aggregert),1,0,1,"Institusjonskode,Avdelingskode,Årstall,Semester,Kvalifikasjonskode,Studieprogramkode,Antall totalt,Antall kvinner,Antall menn,-------------,Variabler fra studieprogrammet:,Studiumkode,Nivåkode,Andel av heltid,Studiepoeng,Prosent egenfinansiering,NUS-kode,Organisering_kode,Andel praksis,Underv.språk"
Studentdata,110,Nye studenter,1,0,1,"Institusjonskode,Avdelingskode,Årstall,Semester,Studieprogramkode,Antall totalt,Antall kvinner,Antall menn,-------------,Variabler fra studieprogrammet:,Studiumkode,Nivåkode,Andel av heltid,Studiepoeng,Prosent egenfinansiering,NUS-kode,Organisering_kode,Andel praksis,Underv.språk"
Studentdata,112,Opptak,1,0,1,"Institusjonskode,Avdelingskode,Årstall,Semester,Studieprogramkode,Antall totalt,Antall kvinner,Antall menn,-------------,Variabler fra studieprogrammet:,Studiumkode,Nivåkode,Andel av heltid,Studiepoeng,Prosent egenfinansiering,NUS-kode,Organisering_kode,Andel praksis,Underv.språk"
Doktorgradsdata,115,Personer i doktorgradsprogrammer (aggregert),1,1,1,"Institusjonskode,Avdelingskode,Årstall,Semester,Studieprogramkode,Finansieringskildekode,Totalt antall personer med nye avtaler,Totalt antall kvinner med nye avtaler,Totalt antall menn med nye avtaler,Antall totalt,Antall kvinner,Antall menn"
Studentdata,118,Fullførte studieprogrammer (aggregert),1,0,1,"Institusjonskode,Avdelingskode,Årstall,Semester,Studieprogramkode,Antall totalt,Antall kvinner,Antall menn,-------------,Variabler fra studieprogrammet:,Studiumkode,Nivåkode,Andel av heltid,Studiepoeng,Prosent egenfinansiering,NUS-kode,Organisering_kode,Andel praksis,Underv.språk"
Studentdata,123,Registrerte studenter,1,0,1,"Institusjonskode,Avdelingskode,Årstall,Semester,Studentkategori,Studieprogramkode,Antall totalt,Antall kvinner,Antall menn,-------------,Variabler fra studieprogrammet:,Studiumkode,Nivåkode,Andel av heltid,Studiepoeng,Prosent egenfinansiering,NUS-kode,Organisering_kode,Andel praksis,Underv.språk"
Studentdata,124,Registrerte studenter fordelt på studieretning og campus,1,0,1,"Institusjonskode,Avdelingskode,Årstall,Semester,Studentkategori,Studieprogramkode,Studieretningkode,Stedkode campus,Stednavn campus,Kommunenummer campus,Kjønn,Antall,-------------,Variabler fra studieprogrammet:,Studiumkode,Nivåkode,Andel av heltid,Studiepoeng,Prosent egenfinansiering,NUS-kode,Organisering_kode,Andel praksis,Underv.språk"
Studentdata,132,Søknader,1,0,1,"Institusjonskode,Avdelingskode,Årstall,Semester,Studieprogramkode,Antall totalt,Antall kvinner,Antall menn,-------------,Variabler fra studieprogrammet:,Studiumkode,Nivåkode,Andel av heltid,Studiepoeng,Prosent egenfinansiering,NUS-kode,Organisering_kode,Andel praksis,Underv.språk"
Studentdata,133,Studentkategorier,0,0,0,"Studentkategori,Avtalenavn,sortering"
Studentdata,135,Utenlandske studenter,1,0,1,"Institusjonskode,Avdelingskode,Årstall,Semester,Studieprogramkode,Landkode,Antall totalt,Antall kvinner,Antall menn,-------------,Variabler fra studieprogrammet:,Studiumkode,Nivåkode,Andel av heltid,Studiepoeng,Prosent egenfinansiering,NUS-kode,Organisering_kode,Andel praksis,Underv.språk"
Studentdata,142,Utvekslingsstudenter og studenter under kvoteprogram (aggregert),1,0,1,"Institusjonskode,Avdelingskode,Årstall,Semester,Studieprogramkode,Type,Landkode,Utvekslingsinstitusjon,Utvekslingsavtale,Antall totalt,Antall kvinner,Antall menn,-------------,Variabler fra studieprogrammet:,Studiumkode,Nivåkode,Andel av heltid,Studiepoeng,Prosent egenfinansiering,NUS-kode,Organisering_kode,Andel praksis,Underv.språk"
Studietilbud,208,Emner,0,1,0,"Institusjonskode,Avdelingskode,Avdelingskode_SSB,Årstall,Semester,Studieprogramkode,Emnekode,Emnenavn,Nivåkode,Studiepoeng,NUS-kode,Status,Underv.språk,Fagkode,Fagnavn,Oppgave (ny fra h2012)"
Organisasjon,210,Avdeling,0,1,0,"Nivå,Institusjonskode,Avdelingskode,Gyldig fra,Gyldig til,fagkode avdeling,fagnavn avdeling,Fakultetskode,Fakultetsnavn,Avdelingskode (3 siste siffer)"
Organisasjon,211,Institusjon,0,1,0,"Institusjonskode,Institusjonsnavn,Adresse,Postnummer,Gyldig fra,Gyldig til,Telefon,Telefax,Institusjonstypekode,Kortnavn,Departementid,Institusjonskode (sammenslått)"
Studietilbud,213,Studium,0,1,0,"Studiumkode,Studium"
Personaldata,219,Tilsatte - aldersintervaller,1,1,1,"Institusjonskode,Avdelingskode,Årstall,Stillingskode,Aldersintervall,Antall årsverk"
Personaldata,220,Stillingskoder,0,1,0,"Stillingskode,Stillingskategorikode,Stillingsbenevnelse"
Personaldata,222,Alle tilsatte (Hodetelling),1,1,1,"Institusjonskode,Avdelingskode,Nivå,Årstall,Antall totalt,Antall kvinner,Antall menn"
Personaldata,224,Tilsatte - gjennomsnittsalder,1,1,1,"Institusjonskode,Avdelingskode,Årstall,Stillingskode,Antall totalt,Gjennomsnitt"
Personaldata,225,Alle tilsatte (aggregert),0,1,1,"Institusjonskode,Avdelingskode,Årstall,Ansettelse,Stillingstype,Finansieringskilde,Åremålsstilling,Stillingskode,Antall årsverk,Antall kvinner,Antall menn"
Andre data,226,Areal,0,1,1,"Institusjonskode,Årstall,Adresse/Navn,Leieforhold,Brutto m2"
"Kodetabell  ",230,Type leieforhold (areal),0,1,0,"Leieforhold,tekst,sortering"
Studentdata,250,Kandidater med uttelling i finansieringssystemet,0,0,0,"Institusjonskode,Instkode_sammenslatt,Avdelingskode,Årstall,Semester,Kvalifikasjonskode,Studieprogramkode,Studieretningkode,Finansieringskategori,Prosent_egenfinansiering,Uttelling,Etterrapportert,Fra dobbel til enkel,Antall egenfinansiert,Antall"
"Kodetabell  ",252,Finansieringskategorier,0,1,0,"sortering,Finansierings-kategori,Finansiering"
"Kodetabell  ",261,Landkoder,0,1,0,"Landkode,Land (norsk navn),Land (engelsk navn),Kode for verdensdel,Landnummer"
"Kodetabell  ",287,Institusjonstyper,0,1,0,"Institusjonstypekode,Orden,Institusjonstype,sektorkode,insttypenavn_kort"
"Kodetabell  ",288,Organisasjonsnivå,0,1,0,"Nivå,Beskrivelse,Navn"
"Kodetabell  ",291,Semester,0,1,0,"Semester,semesternavn,Orden,halvårnavn,halvårid"
"Kodetabell  ",296,Ansettelse,0,1,0,"Ansettelse,ansettelsestype"
"Kodetabell  ",299,Finansieringskilder (tilsatte),0,1,0,"Finansieringskilde,Finanstype,finanstype gruppe,sortering,sortering gruppe,finanstype dep"
Studentdata,308,Karakterer (aggregert),1,0,1,"Institusjonskode,Avdelingskode,Årstall,Semester,Studentkategori,Studieprogramkode,Emnekode,Karakter,Antall kandidater totalt,Antall kandidater kvinner,Antall kandidater menn,-------------,Variabler fra studieprogrammet:,Studiumkode,Nivåkode,Andel av heltid,Studiepoeng,Prosent egenfinansiering,NUS-kode,Organisering_kode,Andel praksis,Underv.språk"
Studentdata,335,Gjennomføring iht. avtalt utdanningsplan (aggregert),1,0,1,"Institusjonskode,Avdelingskode,Årstall,Studieprogramkode,sp_planlagt,sp_gjennomfort,-------------,Variabler fra studieprogrammet:,Studiumkode,Nivåkode,Andel av heltid,Studiepoeng,Prosent egenfinansiering,NUS-kode,Organisering_kode,Andel praksis,Underv.språk"
Studietilbud,347,Studieprogram,0,1,0,"Institusjonskode,Avdelingskode,Avdelingskode_SSB,Årstall,Semester,Studieprogramkode,Studiumkode,Nivåkode,Andel av heltid,Studiepoeng,Prosent egenfinansiering,NUS-kode,Organisering_kode,Andel praksis,Underv.språk,Videreutd.,Tilbys fra,Tilbys til,Nytt studietilbud,Godkjenningsinstans,Godkjenningsdato,Kvalifikasjonskode,Studiepoengkrav kvalifikasjon,Finansierings-kategori,Uttelling"
Studietilbud,370,Studieplasser,0,1,1,"Institusjonskode,Avdelingskode,Årstall,Semester,Opptaksmodellkode,Opptaksmodellnavn,Studietypekode,Studietype navn,Utdanningsområde,Studieprogramkode,Opptakstype,Poenggrense primærkvote,Poenggrense ordinær kvote,Antall studieplasser,Antall studieplasser Y-vei"
Studietilbud,371,Språk,0,1,0,"Underv.språk,terminologic,iso2,Språknavn,Engelsk språknavn,Beskrivelse språk"
Publiseringsdata,373,Vitenskapelig publisering,0,1,1,"Institusjonskode,Avdelingskode,Årstall,Kode for publikasjonsform,Kode for publiseringskanal,Kode for type publiseringskanal,Antall publikasjoner,Antall internasjonale publikasjoner,Forfatterandeler,Forfatterandeler kvinner,Forfatterandeler menn,Publiseringspoeng,Publiseringspoeng kvinner,Publiseringspoeng menn"
Publiseringsdata,374,Vitenskapelig publisering - kanaler,0,1,1,"Institusjonskode,Avdelingskode,Årstall,Kode for publikasjonsform,Kode for publiseringskanal,Kode for type publiseringskanal,Kanalnavn,Kvalitetsniva,Antall publikasjoner,Antall internasjonale publikasjoner,Forfatterandeler,Forfatterandeler kvinner,Forfatterandeler menn,Publiseringspoeng,Publiseringspoeng kvinner,Publiseringspoeng menn"
Studentdata,379,Søkertall og møtte,1,0,1,"Institusjonskode,Avdelingskode,Årstall,Semester,Studieprogramkode,Kjønn,Kvalifisert,Prioritet,Opptakstype,Søknadsalternativer,Tilbud om opptak,Akseptert tilbud,Møtt til studiestart,-------------,Variabler fra studieprogrammet:,Studiumkode,Nivåkode,Andel av heltid,Studiepoeng,Prosent egenfinansiering,NUS-kode,Organisering_kode,Andel praksis,Underv.språk"
Andre data,390,Mottatte forretningsideer,0,1,1,"Institusjonskode,Årstall,Type,Aktivitet,Antall totalt"
"Kodetabell  ",394,Type kommersialisering,0,1,0,"Type,Navn,Sort"
"Kodetabell  ",395,Aktivitet (kommersialisering),0,1,0,"Aktivitet,Navn,Sort"
Studietilbud,433,Fellesgrader,0,1,0,"Institusjonskode,Avdelingskode,Årstall,Semester,Studieprogramkode,Landkode,Samarbeidsinstitusjon"
"Kodetabell  ",436,Undernivå,0,1,0,"Nivåkode,Undernivå,Beskrivelse,Hovednivåkode,Gamle nivåkoden,Orden"
"Kodetabell  ",444,Organisering,0,1,0,"Organisering_kode,Orden"
"Kodetabell  ",445,Status,0,1,0,"Statuskode,navn status,Orden"
"Kodetabell  ",447,Videreutdanning,0,1,0,"Videreutd.,Videreutdanningnavn,Beskrivelse type videreutd.,Type videreutd.,Orden"
Organisasjon,457,Organisasjonsenheter,0,1,0,"Årstall,Semester,Institusjonskode,Avdelingskode,Avdelingskode_SSB,Organisasjonsnr,Avdelingsnavn"
Organisasjon,458,Kvalifikasjoner,0,1,0,"Institusjonskode,Avdelingskode,Avdelingskode_SSB,Årstall,Semester,Vitnemålsgivende/ikke-vitnemålsgivende,Kvalifikasjonskode,Kvalifikasjonsnavn,Studiumkode,Nivåkode,SSBs NUS-kode"
Studentdata,460,Godkjenningsinstanser,0,0,0,"Godkjenningsinstans,Navn på godkjenningsinstans,Beskrivelse,Orden"
Studentdata,461,Tilbudstype studieprogrammer,0,0,0,"Nytt studietilbud,Tilbudstypenavn,Beskrivelse av tilbudstypen,Orden,Justering"
Studentdata,467,Type utveksling,0,0,0,"Type,utvekslingskode,utvekslingstype,kortnavn_utvekslingstype,sortering,Innreisende/Utreisende"
Studentdata,469,Opptakstype,0,0,0,"Opptakstype,Opptakstype_tekst,Beskrivelse opptakstype,Orden"
Studietilbud,486,Studieretning,0,1,0,"Institusjonskode,Avdelingskode,Årstall,Semester,Studieretningkode,Studieretningnavn,Fagkode,Fagnavn"
Publiseringsdata,507,Publikasjonsform,0,1,0,"Kode for publikasjonsform,Navn på publikasjonsform,Orden"
Publiseringsdata,508,Type publiseringskanaler,0,1,0,"Kode for type publiseringskanal,Navn på kanaltype"
Publiseringsdata,510,Kvalitetsnivå,0,1,0,"Kode for kvalitetsnivå,Navn på kvalitetsnivå"
Organisasjon,519,Fagskole,0,1,0,"Fagskolenummer,Organisasjonsnummer,Navn,Postnummer,Postadresse,Besøksadresse,Telefon,Kortnavn,E-post,Eierforhold,Opprettet årstall"
Organisasjon,520,Studiested (fagskoler),0,1,0,"Studiestedsnummer,Navn,Organisasjons- eller virksomhetsnummer (tidligere bedriftsnummer),Postnummer,Postadresse,E-post,Telefon"
Studietilbud,521,Utdanningstilbud (fagskoler),0,1,0,"Fagskolenummer,Studiestedsnummer,Årstall,Semester,Utdanningstilbudets kode,Utdanningstilbudets navn,Utdanningstilbudets fagskolepoeng,Andel av heltid,Utdanningsform,Antall samlingsdager,Studentbetaling-hele utdanningstilbudet,Finansieringsform,Godkjenningsinstans,Godkjenningsdato,Utdanningstilbudets startdato,Utdanningstilbudets sluttdato,SSBs kode (NUS-kode),Finansieringsform-spesifisering"
Studentdata,529,Opptaksgrunnlag (fagskoler),0,0,0,Opptaksgrunnlag
Studentdata,530,Godkjenningsinstans (fagskoler),0,0,0,"Godkjenningsinstans,Navn"
Studentdata,531,Utdanningsform (fagskoler),0,0,0,"Utdanningsform,Navn"
Studentdata,532,Finansieringsform (fagskoler),0,0,0,"Finansieringsform,Kortnavn,Lengre navn"
Studentdata,535,Eierforhold (fagskoler),0,0,0,"Eierforhold,Eierforholdtype"
Personaldata,537,Lærlinger,1,1,1,"Institusjonskode,Årstall,Stillingskode,Type lærefag,Antall personer totalt,Antall personer kvinner,Antall personer menn,Antall årsverk totalt,Antall årsverk kvinner,Antall årsverk menn"
Studentdata,541,Emne (fagskoler),0,0,0,"Fagskolenummer,Studiestedsnummer,Årstall,Semester,Utdanningstilbudets kode,Emnekode,Emnenavn,Emnets fagskolepoeng"
Studentdata,543,Videreutdanning for førskole-/barnehagelærere i barnehage,1,0,1,"Institusjonskode,Årstall,Kode type videreutdanning,Antall 60-studiepoengsenheter,Antall 30-studiepoengsenheter,Antall 15-studiepoengsenheter"
Studentdata,544,Videreutdanning for lærere i grunnskolen,1,0,1,"Institusjonskode,Årstall,Kode type videreutdanning,Antall 60-studiepoengsenheter,Antall 30-studiepoengsenheter,Antall 15-studiepoengsenheter"
Studentdata,555,Søknader (fagskoler),1,0,1,"Fagskolenummer,Studiestedsnummer,Årstall,Semester,Utdanningstilbudets kode,Antall søknader,Antall søknader fra kvinnelige søkere,Antall søknader fra menn"
Studentdata,556,Utdanningstilbud (fagskoler),0,0,0,"Fagskolenummer,Studiestedsnummer,Årstall,Semester,Utdanningstilbudets kode,Utdanningstilbudets navn,Utdanningstilbudets fagskolepoeng,Andel av heltid,Utdanningsform,Antall samlingsdager,Studentbetaling-hele utdanningstilbudet,Finansieringsform,Godkjenningsinstans,Godkjenningsdato,Utdanningstilbudets startdato,Utdanningstilbudets sluttdato,Utdanningskode (NUS-kode)"
Organisasjon,559,Departement,0,1,0,"Departementid,depnavn"
Studentdata,560,Uteksaminerte grunnskolelærere - fagvalg,1,0,1,"Institusjonskode,Årstall,GLU-type,Type fordypning,Antall 30-studiepoengsenheter,Antall 60-studiepoengsenheter,Antall fullført GLU mastergrad"
Studentdata,571,Gjennomsnittlige opptakspoeng for søkere,1,0,1,"Institusjonskode,Avdelingskode,Årstall,Semester,Studieprogramkode,Kjønnkode,Prioritet,Opptakstype,Møtt til studiestart,Opptakspoeng totalt,Karakterpoeng,Søkere totalt,-------------,Variabler fra studieprogrammet:,Studiumkode,Nivåkode,Andel av heltid,Studiepoeng,Prosent egenfinansiering,NUS-kode,Organisering_kode,Andel praksis,Underv.språk"
Organisasjon,662,Campus-steder,0,1,0,"Årstall,Semester,Institusjonskode,Stednavn campus,Organisasjonsnr,Kommunenummer campus,Landkode campus,Stedkode campus"
Økonomidata,700,Saldobalanse,0,1,0,"Kontonr,Årstall,Organisasjonsnr,Periode,Belop,Kontonavn"
Økonomidata,701,"Regnskapspakke statlige universiteter, høyskoler og direktorat",0,1,0,"Institusjonskode,Institusjonsnavn,Årstall,Organisasjonsnummer,Periode,Fane,Referanse,Post,Tekst-egendefinert,Kolonneid,Kolonnenavn,Løpenr,Verdi"
Økonomidata,702,Regnskapspakke fagskoler,0,1,0,"Skolenr,Navn,Organisasjonsnummer,Årstall,Periode,Fane,Referanse,Post,Tekst-egendefinert,Kolonneid,Kolonnenavn,Løpenr,Beløp,Verdi"
Økonomidata,703,Regnskapspakke private høyskoler,0,1,0,"Institusjonskode,Institusjonsnavn,Organisasjonsnummer,Årstall,Periode,Fane,Referanse,Post,Tekst-egendefinert,Kolonneid,Kolonnenavn,Løpenr,Beløp,Verdi"
Studentdata,704,Gjennomføring og frafall (institusjonsnivå),1,0,1,"Institusjonskode,Avdkode,Årstall,Semester,Kjønnkode,Nivåkode,Hovednivåkode,Studieprogramkode,Studiumkode,Utdanningskode,Årstall normert tid,Startkull,Fullført normert,Fullført normert1,Fullført normert2,Studerer,Studerer1,Studerer2,Frafalt,Frafalt1,Frafalt2"
Studentdata,705,Gjennomføring og frafall (sektornivå),1,0,1,"Institusjonskode,Avdkode,Årstall,Semester,Kjønnkode,Nivåkode,Hovednivåkode,Studieprogramkode,Studiumkode,Utdanningskode,Årstall normert tid,Startkull,Fullført normert,Fullført normert1,Fullført normert2,Studerer,Studerer1,Studerer2,Frafalt,Frafalt1,Frafalt2"
Studentdata,706,Gjennomføring og frafall (studiumnivå),1,0,1,"Institusjonskode,Avdkode,Årstall,Semester,Kjønnkode,Nivåkode,Hovednivåkode,Studieprogramkode,Studiumkode,Utdanningskode,Årstall normert tid,Startkull,Fullført normert,Fullført normert1,Fullført normert2,Studerer,Studerer1,Studerer2,Frafalt,Frafalt1,Frafalt2"
Studentdata,707,Gjennomføring og frafall (studieprogramnivå),1,0,1,"Institusjonskode,Avdkode,Årstall,Semester,Kjønnkode,Nivåkode,Hovednivåkode,Studieprogramkode,Studiumkode,Utdanningskode,Årstall normert tid,Startkull,Fullført normert,Fullført normert1,Fullført normert2,Studerer,Studerer1,Studerer2,Frafalt,Frafalt1,Frafalt2"
Kodetabell,720,Regnskap periodekoder,0,1,0,"Periode,Navn,Periodetype,Kortnavn_periode,Orden"
Økonomidata,750,Styringsindikatorer,0,1,0,"Institusjonskode,Styringsparam,Styringparam tekst,Årstall,Teller,Nevner,Verdi,Utregning"
Publiseringsdata,850,Publiseringskanaler - forlag,0,1,0,"Forlag id,Original tittel,Sist endret,Internasjonal tittel,Aktiv,ISBN-prefix,Url,Land,Nivå 2027,Nivå 2026,Nivå 2025,Nivå 2024,Nivå 2023,Nivå 2022,Nivå 2021,Nivå 2020,Nivå 2019,Nivå 2018,Nivå 2017,Nivå 2016,Nivå 2015,Nivå 2014,Nivå 2013,Nivå 2012,Nivå 2011,Nivå 2010,Nivå 2009,Nivå 2008,Nivå 2007,Nivå 2006,Nivå 2005,Nivå 2004"
Publiseringsdata,851,Publiseringskanaler - tidsskrift,0,1,0,"Tidsskrift id,Original tittel,Sist endret,Internasjonal tittel,Aktiv,Print ISSN,Online ISSN,Open Access,NPI Fagfelt,NPI Fagområde,Nivå 2027,Nivå 2026,Nivå 2025,Nivå 2024,Nivå 2023,Nivå 2022,Nivå 2021,Nivå 2020,Nivå 2019,Nivå 2018,Nivå 2017,Nivå 2016,Nivå 2015,Nivå 2014,Nivå 2013,Nivå 2012,Nivå 2011,Nivå 2010,Nivå 2009,Nivå 2008,Nivå 2007,Nivå 2006,Nivå 2005,Nivå 2004,Forlag id,Etablert år,Nedlagt år,Forlag,Utgiver,Utgiverland,Språk,Konferanserapport,Url"
Publiseringsdata,852,Publiseringskanaler - forlag-nivå,0,1,0,"Forlag id,År,Nivå,Internasjonal tittel"
Publiseringsdata,853,Publiseringskanaler - tidsskrift-nivå,0,1,0,"År,Tidsskrift id,Nivå,Internasjonal tittel"
Publiseringsdata,854,Tidsskrift - forgjengere og etterfølgere,0,1,0,"Forgjenger id,Etterfølger id"
Publiseringsdata,855,Erihplus_approved_list,0,1,0,"Journal ID,Print ISSN,Online ISSN,Active,Original Title,International Title,ERIH PLUS Disciplines,OECD Classifications,Language,Open Access,Country of Publication,Publisher Company,Publisher Name,Url,Last Updated"
"Ikke tilordnet emne             ",860,Innhold i DBH-HYU sin API-klient,0,1,0,"Emne,Tabell id,Tabellnavn,Gdpr,Bulk tabell,Math"
"Ikke tilordnet emne             ",861,Variabeloversikt for DBH-HYU sin API-klient,0,1,0,"Tabell id,Tabellnavn,Variabel navn,Datatype,Datalengde,Sortering,Kodefelt,Group by (forslag),Kommentar,GDPR"
Studentdata,900,Studiepoeng,0,1,1,"Institusjonskode,Årstall,Emnekode,Finansieringskilde,Semester,Avdkode emne,Progkode emne,Avdkode student,Progkode student,Studentkategori,Finmodkode student,Finmodekode emne,Ny produksjon totalt,Ny produksjon totalt kv,Ny produksjon egentfin,Ny produksjon egentfin kv,Ny produksjon ekstern,Ny produksjon ekstern kv"
Økonomidata,902,Økonomiske nøkkeltall,0,1,0,"Institusjonskode,Årstall,Driftsinntekter,Driftskostnader,Statstilskudd,NFR,RFF,EU,Bidragsinntekter,Bidrag offentlige,Bidrag organisasjoner,Bidrag næringsliv,Bidrag annet,Oppdrag offentlige,Oppdrag organisasjoner,Oppdrag næringsliv,Oppdrag annet,Oppdragsinntekter,Lønnskostnad,Avregning,Avsetning,Totalkapital,Omløpsmidler,Anleggsmidler,Kortsiktig gjeld,Langsiktig gjeld,Eksamensavgift private høyskoler,Salg- og leieinntekter private høyskoler,Egenkapital private høyskoler"
Studentdata,905,Eksamensdata,1,0,1,"Institusjonskode,Avdelingskode,Avdelingsnavn,Årstall,Semester,Fakultetskode,Finansieringskategori,Studieprogramkode,Studieprogramnavn,Nivåkode,Prosent egenfinansiering,Emnekode,Emnenavn,Oppmeldt totalt,Møtt til eksamen,Bestått,Beståtte gjentak,Antall kandidater stryk,Eksamensprod med gjentak,Eksamensprod uten gjentak"
Studentdata,906,Eksamensdata detaljert,1,0,1,"Institusjonskode,Avdelingskode emne,Program emnekode,Avdeling student,Student studieprogramkode,Emnekode,Nivåkode,Årstall,Semester,Finmodkode student,Finans,Studentkategori,Finmodekode emne,Studiepoeng,Antall kandidater totalt,Antall kandidater kvinner,Antall kandidater bestått,Antall kandidater bestått kvinner,Antall kandidater stryk,Antall kandidater stryk kvinner,Antall kandidater beståtte gjentak,Antall kand. best. gjentak kvinner,Ny produksjon totalt,Ny produksjon totalt kv,Ny produksjon egentfin,Ny produksjon egentfin kv,Ny produksjon ekstern,Ny produksjon ekstern kv,Gjentak produksjon tot,Gjentak produksjon tot kv,Gjentak produksjon egenfin,Gjentak produksjon egenfin kv,Gjentak produksjon ekstern,Gjentak produksjon ekstern kv,All produksjon tot,All produksjon tot  kv,All produksjon egenfin,All produksjon egenfin kv,All produksjon ekstern,All produksjon ekstern kv"
Økonomidata,907,Kandidater med uttelling i finansieringssystemet,0,1,0,"Institusjonskode,Avdkode,Årstall,Semester,Kvalifikasjonskode,Studieprogramkode,Finansierings-kategori,Uttelling Kode:1=Enkel 2=dobbel,Instkode_sammenslatt,Totalt,Etterrapp,Antall år,Dobbel til enkel"
Økonomidata,908,Finansieringssystemet - kostnadskategorier,0,1,0,"Årstall,Finansierings-kategori,beskrivelse,Belop,Beskrivelse finmodkode,Basis,Studiepoeng,Kandidater-enkel,Kandidater-dobbel,Sort"
"Ikke tilordnet emne             ",916,API-driftsmeldinger,0,1,0,"Dato,Navn,Beskrivelse,Context"
Fagskoler,947,Fagskolestudenter - aktive studenter,1,0,1,"Fagskolens navn,Utdanningstilbudets navn,Årstall,Semesternavn,Andel av heltid,Fagskolenummer,Studiestedsnummer,Utdanningstilbudets kode,Skolepenger for semesteret det rapporteres for,SSBs kode (NUS-kode),Semester,Eierforholdtype,Studiestedets navn,Aldersintervall,Opptaksgrunnlag kode,Opptaksgrunnlag,Landkode for statsborgerskap,Land for statsborgerskap,Utdanningstilbudets studiepoeng,Utdanningsform kode,Finansieringsform kode,Finansieringsform,FKF ID,FKF Kategori,FKF Type,Type utdanning kode,Type utdanning,Antall menn,Antall kvinner,Antall studenter"
Fagskoler,948,Fagskolestudenter - aktive studenter utenfor telletidspunkt,1,0,1,"Fagskolens navn,Utdanningstilbudets navn,Årstall,Semesternavn,Andel av heltid,Fagskolenummer,Studiestedsnummer,Utdanningstilbudets kode,Skolepenger for semesteret det rapporteres for,SSBs kode (NUS-kode),Semester,Eierforholdtype,Studiestedets navn,Aldersintervall,Opptaksgrunnlag kode,Opptaksgrunnlag,Landkode for statsborgerskap,Land for statsborgerskap,Utdanningstilbudets studiepoeng,Utdanningsform kode,Finansieringsform kode,Finansieringsform,FKF ID,FKF Kategori,FKF Type,Type utdanning kode,Type utdanning,Antall menn,Antall kvinner,Antall studenter"
Økonomidata,977,Studentsamskipnader – økonomirapportering,0,1,0,"Institusjonskode,Institusjonsnavn,Organisasjonsnummer,Årstall,Periode,Referanse,Fane,Post,Tekst-egendefinert,Kolonneid,KolonneNavn,KolonneGruppeNavn,lopenr,Verdi"
