tittel,issn,eissn,ft50_2026,ft50_2016,issn_kilde
Academy of Management Annals,1941-6520,1941-6067,1,0,crossref
Academy of Management Journal,0001-4273,1948-0989,1,1,crossref
Academy of Management Review,0363-7425,1930-3807,1,1,crossref
"Accounting, Organizations and Society",0361-3682,1873-6289,1,1,crossref+abdc
Accounting Review,0001-4826,1558-7967,1,1,crossref
Administrative Science Quarterly,0001-8392,1930-3815,1,1,crossref
American Economic Review,0002-8282,1944-7981,1,1,crossref
American Sociological Review,0003-1224,1939-8271,1,0,crossref
Contemporary Accounting Research,0823-9150,1911-3846,1,1,crossref
Econometrica,0012-9682,1468-0262,1,1,crossref
Entrepreneurship Theory and Practice,1042-2587,1540-6520,1,1,crossref
Harvard Business Review,0017-8012,,1,1,issn-portalen
Human Relations,0018-7267,1741-282X,0,1,crossref
Human Resource Management,0090-4848,1099-050X,1,1,crossref
Information Systems Research,1047-7047,1526-5536,1,1,crossref
Journal of Accounting and Economics,0165-4101,1879-1980,1,1,issn-portalen
Journal of Accounting Research,0021-8456,1475-679X,1,1,crossref
Journal of Applied Psychology,0021-9010,1939-1854,1,1,crossref
Journal of Business Ethics,0167-4544,1573-0697,0,1,crossref
Journal of Business Venturing,0883-9026,1873-2003,1,1,crossref+abdc
Journal of Consumer Psychology,1057-7408,1532-7663,1,1,crossref
Journal of Consumer Research,0093-5301,1537-5277,1,1,crossref
Journal of Finance,0022-1082,1540-6261,1,1,crossref
Journal of Financial and Quantitative Analysis,0022-1090,1756-6916,1,1,crossref
Journal of Financial Economics,0304-405X,1879-2774,1,1,issn-portalen
Journal of International Business Studies,0047-2506,1478-6990,1,1,crossref
Journal of Management,0149-2063,1557-1211,1,1,crossref
Journal of Management Information Systems,0742-1222,1557-928X,1,1,crossref
Journal of Management Studies,0022-2380,1467-6486,1,1,crossref
Journal of Marketing,0022-2429,1547-7185,1,1,crossref+abdc
Journal of Marketing Research,0022-2437,1547-7193,1,1,crossref
Journal of Operations Management,0272-6963,1873-1317,1,1,crossref
Journal of Political Economy,0022-3808,1537-534X,1,1,crossref
Journal of the Academy of Marketing Science,0092-0703,1552-7824,1,1,crossref
Management Science,0025-1909,1526-5501,1,1,crossref
Manufacturing & Service Operations Management,1523-4614,1526-5498,1,1,issn-portalen
Marketing Science,0732-2399,1526-548X,1,1,crossref
MIS Quarterly,0276-7783,2162-9730,1,1,crossref
MIT Sloan Management Review,1532-9194,1532-8937,1,1,crossref
Operations Research,0030-364X,1526-5463,1,1,crossref
Organization Science,1047-7039,1526-5455,1,1,crossref
Organization Studies,0170-8406,1741-3044,0,1,crossref
Organizational Behavior and Human Decision Processes,0749-5978,1095-9920,1,1,crossref
Production and Operations Management,1059-1478,1937-5956,1,1,crossref
Psychological Science,0956-7976,1467-9280,1,0,crossref
Quarterly Journal of Economics,0033-5533,1531-4650,1,1,crossref
Research Policy,0048-7333,1873-7625,1,1,crossref+abdc
Review of Accounting Studies,1380-6653,1573-7136,1,1,crossref
Review of Economic Studies,0034-6527,1467-937X,1,1,crossref
Review of Finance,1572-3097,1573-692X,1,1,crossref
Review of Financial Studies,0893-9454,1465-7368,1,1,crossref
Strategic Entrepreneurship Journal,1932-4391,1932-443X,1,1,crossref
Strategic Management Journal,0143-2095,1097-0266,1,1,crossref
