tittel,issn,eissn,issn_kilde
Academy of Management Journal,0001-4273,1948-0989,crossref
Academy of Management Review,0363-7425,1930-3807,crossref
The Accounting Review,0001-4826,1558-7967,crossref
Administrative Science Quarterly,0001-8392,1930-3815,crossref
Information Systems Research,1047-7047,1526-5536,crossref
INFORMS Journal on Computing,1091-9856,1526-5528,issn-portalen
Journal of Accounting and Economics,0165-4101,1879-1980,issn-portalen
Journal of Accounting Research,0021-8456,1475-679X,crossref
Journal of Consumer Research,0093-5301,1537-5277,crossref
Journal of Finance,0022-1082,1540-6261,crossref
Journal of Financial Economics,0304-405X,1879-2774,issn-portalen
Journal of International Business Studies,0047-2506,1478-6990,crossref
Journal of Marketing,0022-2429,1547-7185,crossref+abdc
Journal of Marketing Research,0022-2437,1547-7193,crossref
Journal of Operations Management,0272-6963,1873-1317,crossref
Management Science,0025-1909,1526-5501,crossref
Manufacturing & Service Operations Management,1523-4614,1526-5498,issn-portalen
Marketing Science,0732-2399,1526-548X,crossref
MIS Quarterly,0276-7783,2162-9730,crossref
Operations Research,0030-364X,1526-5463,crossref
Organization Science,1047-7039,1526-5455,crossref
Production and Operations Management,1059-1478,1937-5956,crossref
Review of Financial Studies,0893-9454,1465-7368,crossref
Strategic Management Journal,0143-2095,1097-0266,crossref
